Time,Errors Present
Fri Mar 31 18:48:51 IST 2023,1.000000
Fri Mar 31 18:48:51 IST 2023,1.000000
Fri Mar 31 18:48:52 IST 2023,1.000000
Fri Mar 31 18:48:52 IST 2023,1.000000
Fri Mar 31 18:48:52 IST 2023,1.000000
Fri Mar 31 18:48:52 IST 2023,1.000000
Fri Mar 31 18:48:52 IST 2023,1.000000
Fri Mar 31 18:48:52 IST 2023,1.000000
Fri Mar 31 18:48:52 IST 2023,1.000000
Fri Mar 31 18:48:52 IST 2023,1.000000
Fri Mar 31 18:48:52 IST 2023,1.000000
Fri Mar 31 18:48:52 IST 2023,1.000000
Fri Mar 31 18:48:53 IST 2023,1.000000
Fri Mar 31 18:48:53 IST 2023,1.000000
Fri Mar 31 18:48:53 IST 2023,1.000000
Fri Mar 31 18:48:53 IST 2023,1.000000
Fri Mar 31 18:48:53 IST 2023,1.000000
Fri Mar 31 18:48:53 IST 2023,1.000000
Fri Mar 31 18:48:53 IST 2023,1.000000
Fri Mar 31 18:48:53 IST 2023,1.000000
Fri Mar 31 18:48:53 IST 2023,1.000000
Fri Mar 31 18:48:53 IST 2023,1.000000
Fri Mar 31 18:48:54 IST 2023,1.000000
Fri Mar 31 18:48:54 IST 2023,1.000000
Fri Mar 31 18:48:54 IST 2023,1.000000
Fri Mar 31 18:48:54 IST 2023,1.000000
Fri Mar 31 18:48:54 IST 2023,1.000000
Fri Mar 31 18:48:54 IST 2023,1.000000
Fri Mar 31 18:48:54 IST 2023,1.000000
Fri Mar 31 18:48:54 IST 2023,1.000000
Fri Mar 31 18:48:54 IST 2023,1.000000
Fri Mar 31 18:48:55 IST 2023,1.000000
Fri Mar 31 18:48:55 IST 2023,1.000000
Fri Mar 31 18:48:55 IST 2023,1.000000
Fri Mar 31 18:48:55 IST 2023,1.000000
Fri Mar 31 18:48:55 IST 2023,1.000000
Fri Mar 31 18:48:55 IST 2023,1.000000
Fri Mar 31 18:48:55 IST 2023,1.000000
Fri Mar 31 18:48:55 IST 2023,1.000000
Fri Mar 31 18:48:55 IST 2023,1.000000
Fri Mar 31 18:48:55 IST 2023,1.000000
Fri Mar 31 18:48:56 IST 2023,1.000000
Fri Mar 31 18:48:56 IST 2023,1.000000
Fri Mar 31 18:48:56 IST 2023,1.000000
Fri Mar 31 18:48:56 IST 2023,1.000000
Fri Mar 31 18:48:56 IST 2023,1.000000
Fri Mar 31 18:48:56 IST 2023,1.000000
Fri Mar 31 18:48:56 IST 2023,1.000000
Fri Mar 31 18:48:56 IST 2023,1.000000
Fri Mar 31 18:48:56 IST 2023,1.000000
Fri Mar 31 18:48:56 IST 2023,1.000000
Fri Mar 31 18:48:57 IST 2023,1.000000
Fri Mar 31 18:48:57 IST 2023,1.000000
Fri Mar 31 18:48:57 IST 2023,1.000000
Fri Mar 31 18:48:57 IST 2023,1.000000
Fri Mar 31 18:48:57 IST 2023,1.000000
Fri Mar 31 18:48:57 IST 2023,1.000000
Fri Mar 31 18:48:57 IST 2023,1.000000
Fri Mar 31 18:48:57 IST 2023,1.000000
Fri Mar 31 18:48:57 IST 2023,1.000000
Fri Mar 31 18:48:57 IST 2023,1.000000
Fri Mar 31 18:48:58 IST 2023,1.000000
Fri Mar 31 18:48:58 IST 2023,1.000000
Fri Mar 31 18:48:58 IST 2023,1.000000
Fri Mar 31 18:48:58 IST 2023,1.000000
Fri Mar 31 18:48:58 IST 2023,1.000000
Fri Mar 31 18:48:58 IST 2023,1.000000
Fri Mar 31 18:48:58 IST 2023,1.000000
Fri Mar 31 18:48:58 IST 2023,1.000000
Fri Mar 31 18:48:58 IST 2023,1.000000
Fri Mar 31 18:48:58 IST 2023,1.000000
Fri Mar 31 18:48:59 IST 2023,1.000000
Fri Mar 31 18:48:59 IST 2023,1.000000
Fri Mar 31 18:48:59 IST 2023,1.000000
Fri Mar 31 18:48:59 IST 2023,1.000000
Fri Mar 31 18:48:59 IST 2023,1.000000
Fri Mar 31 18:48:59 IST 2023,1.000000
Fri Mar 31 18:48:59 IST 2023,1.000000
Fri Mar 31 18:48:59 IST 2023,1.000000
Fri Mar 31 18:48:59 IST 2023,1.000000
Fri Mar 31 18:48:59 IST 2023,1.000000
Fri Mar 31 18:49:00 IST 2023,1.000000
Fri Mar 31 18:49:00 IST 2023,1.000000
Fri Mar 31 18:49:00 IST 2023,1.000000
Fri Mar 31 18:49:00 IST 2023,1.000000
Fri Mar 31 18:49:00 IST 2023,1.000000
Fri Mar 31 18:49:00 IST 2023,1.000000
Fri Mar 31 18:49:00 IST 2023,1.000000
Fri Mar 31 18:49:00 IST 2023,1.000000
Fri Mar 31 18:49:00 IST 2023,1.000000
Fri Mar 31 18:49:00 IST 2023,1.000000
Fri Mar 31 18:49:01 IST 2023,1.000000
Fri Mar 31 18:49:01 IST 2023,1.000000
Fri Mar 31 18:49:01 IST 2023,1.000000
Fri Mar 31 18:49:01 IST 2023,1.000000
Fri Mar 31 18:49:01 IST 2023,1.000000
Fri Mar 31 18:49:01 IST 2023,1.000000
Fri Mar 31 18:49:01 IST 2023,1.000000
Fri Mar 31 18:49:01 IST 2023,1.000000
Fri Mar 31 18:49:01 IST 2023,1.000000
Fri Mar 31 18:49:01 IST 2023,1.000000
Fri Mar 31 18:49:02 IST 2023,1.000000
Fri Mar 31 18:49:02 IST 2023,1.000000
Fri Mar 31 18:49:02 IST 2023,1.000000
Fri Mar 31 18:49:02 IST 2023,1.000000
Fri Mar 31 18:49:02 IST 2023,1.000000
Fri Mar 31 18:49:02 IST 2023,1.000000
Fri Mar 31 18:49:02 IST 2023,1.000000
Fri Mar 31 18:49:02 IST 2023,1.000000
Fri Mar 31 18:49:02 IST 2023,1.000000
Fri Mar 31 18:49:03 IST 2023,1.000000
Fri Mar 31 18:49:03 IST 2023,1.000000
Fri Mar 31 18:49:03 IST 2023,1.000000
Fri Mar 31 18:49:03 IST 2023,1.000000
Fri Mar 31 18:49:03 IST 2023,1.000000
Fri Mar 31 18:49:03 IST 2023,1.000000
Fri Mar 31 18:49:03 IST 2023,1.000000
Fri Mar 31 18:49:03 IST 2023,1.000000
Fri Mar 31 18:49:03 IST 2023,1.000000
Fri Mar 31 18:49:03 IST 2023,1.000000
Fri Mar 31 18:49:04 IST 2023,1.000000
Fri Mar 31 18:49:04 IST 2023,1.000000
Fri Mar 31 18:49:04 IST 2023,1.000000
Fri Mar 31 18:49:04 IST 2023,1.000000
Fri Mar 31 18:49:04 IST 2023,1.000000
Fri Mar 31 18:49:04 IST 2023,1.000000
Fri Mar 31 18:49:04 IST 2023,1.000000
Fri Mar 31 18:49:04 IST 2023,1.000000
Fri Mar 31 18:49:04 IST 2023,1.000000
Fri Mar 31 18:49:04 IST 2023,1.000000
Fri Mar 31 18:49:05 IST 2023,1.000000
Fri Mar 31 18:49:05 IST 2023,1.000000
Fri Mar 31 18:49:05 IST 2023,1.000000
Fri Mar 31 18:49:05 IST 2023,1.000000
Fri Mar 31 18:49:05 IST 2023,1.000000
Fri Mar 31 18:49:05 IST 2023,1.000000
Fri Mar 31 18:49:05 IST 2023,1.000000
Fri Mar 31 18:49:05 IST 2023,1.000000
Fri Mar 31 18:49:05 IST 2023,1.000000
Fri Mar 31 18:49:05 IST 2023,1.000000
Fri Mar 31 18:49:06 IST 2023,1.000000
Fri Mar 31 18:49:06 IST 2023,1.000000
Fri Mar 31 18:49:06 IST 2023,1.000000
Fri Mar 31 18:49:06 IST 2023,1.000000
Fri Mar 31 18:49:06 IST 2023,1.000000
Fri Mar 31 18:49:06 IST 2023,1.000000
Fri Mar 31 18:49:06 IST 2023,1.000000
Fri Mar 31 18:49:06 IST 2023,1.000000
Fri Mar 31 18:49:06 IST 2023,1.000000
Fri Mar 31 18:49:06 IST 2023,1.000000
Fri Mar 31 18:49:07 IST 2023,1.000000
Fri Mar 31 18:49:07 IST 2023,1.000000
Fri Mar 31 18:49:07 IST 2023,1.000000
Fri Mar 31 18:49:07 IST 2023,1.000000
Fri Mar 31 18:49:07 IST 2023,1.000000
Fri Mar 31 18:49:07 IST 2023,1.000000
Fri Mar 31 18:49:07 IST 2023,1.000000
Fri Mar 31 18:49:07 IST 2023,1.000000
Fri Mar 31 18:49:07 IST 2023,1.000000
Fri Mar 31 18:49:07 IST 2023,1.000000
Fri Mar 31 18:49:08 IST 2023,1.000000
Fri Mar 31 18:49:08 IST 2023,1.000000
Fri Mar 31 18:49:08 IST 2023,1.000000
Fri Mar 31 18:49:08 IST 2023,1.000000
Fri Mar 31 18:49:08 IST 2023,1.000000
Fri Mar 31 18:49:08 IST 2023,1.000000
Fri Mar 31 18:49:08 IST 2023,1.000000
Fri Mar 31 18:49:08 IST 2023,1.000000
Fri Mar 31 18:49:08 IST 2023,1.000000
Fri Mar 31 18:49:08 IST 2023,1.000000
Fri Mar 31 18:49:09 IST 2023,1.000000
Fri Mar 31 18:49:09 IST 2023,1.000000
Fri Mar 31 18:49:09 IST 2023,1.000000
Fri Mar 31 18:49:09 IST 2023,1.000000
Fri Mar 31 18:49:09 IST 2023,1.000000
Fri Mar 31 18:49:09 IST 2023,1.000000
Fri Mar 31 18:49:09 IST 2023,1.000000
Fri Mar 31 18:49:09 IST 2023,1.000000
Fri Mar 31 18:49:09 IST 2023,1.000000
Fri Mar 31 18:49:09 IST 2023,1.000000
Fri Mar 31 18:49:10 IST 2023,1.000000
Fri Mar 31 18:49:10 IST 2023,1.000000
Fri Mar 31 18:49:10 IST 2023,1.000000
Fri Mar 31 18:49:10 IST 2023,1.000000
Fri Mar 31 18:49:10 IST 2023,1.000000
Fri Mar 31 18:49:10 IST 2023,1.000000
Fri Mar 31 18:49:10 IST 2023,1.000000
Fri Mar 31 18:49:10 IST 2023,1.000000
Fri Mar 31 18:49:10 IST 2023,1.000000
Fri Mar 31 18:49:11 IST 2023,1.000000
Fri Mar 31 18:49:11 IST 2023,1.000000
Fri Mar 31 18:49:11 IST 2023,1.000000
Fri Mar 31 18:49:11 IST 2023,1.000000
Fri Mar 31 18:49:11 IST 2023,1.000000
Fri Mar 31 18:49:11 IST 2023,1.000000
Fri Mar 31 18:49:11 IST 2023,1.000000
Fri Mar 31 18:49:11 IST 2023,1.000000
Fri Mar 31 18:49:11 IST 2023,1.000000
Fri Mar 31 18:49:11 IST 2023,1.000000
Fri Mar 31 18:49:12 IST 2023,1.000000
Fri Mar 31 18:49:12 IST 2023,1.000000
Fri Mar 31 18:49:12 IST 2023,1.000000
Fri Mar 31 18:49:12 IST 2023,1.000000
Fri Mar 31 18:49:12 IST 2023,1.000000
Fri Mar 31 18:49:12 IST 2023,1.000000
Fri Mar 31 18:49:12 IST 2023,1.000000
Fri Mar 31 18:49:12 IST 2023,1.000000
Fri Mar 31 18:49:12 IST 2023,1.000000
Fri Mar 31 18:49:12 IST 2023,1.000000
Fri Mar 31 18:49:13 IST 2023,1.000000
Fri Mar 31 18:49:13 IST 2023,1.000000
Fri Mar 31 18:49:13 IST 2023,1.000000
Fri Mar 31 18:49:13 IST 2023,1.000000
Fri Mar 31 18:49:13 IST 2023,1.000000
Fri Mar 31 18:49:13 IST 2023,1.000000
Fri Mar 31 18:49:13 IST 2023,1.000000
Fri Mar 31 18:49:13 IST 2023,1.000000
Fri Mar 31 18:49:13 IST 2023,1.000000
Fri Mar 31 18:49:13 IST 2023,1.000000
Fri Mar 31 18:49:14 IST 2023,1.000000
Fri Mar 31 18:49:14 IST 2023,1.000000
Fri Mar 31 18:49:14 IST 2023,1.000000
Fri Mar 31 18:49:14 IST 2023,1.000000
Fri Mar 31 18:49:14 IST 2023,1.000000
Fri Mar 31 18:49:14 IST 2023,1.000000
Fri Mar 31 18:49:14 IST 2023,1.000000
Fri Mar 31 18:49:14 IST 2023,1.000000
Fri Mar 31 18:49:14 IST 2023,1.000000
Fri Mar 31 18:49:14 IST 2023,1.000000
Fri Mar 31 18:49:15 IST 2023,1.000000
Fri Mar 31 18:49:15 IST 2023,1.000000
Fri Mar 31 18:49:15 IST 2023,1.000000
Fri Mar 31 18:49:15 IST 2023,1.000000
Fri Mar 31 18:49:15 IST 2023,1.000000
Fri Mar 31 18:49:15 IST 2023,1.000000
Fri Mar 31 18:49:15 IST 2023,1.000000
Fri Mar 31 18:49:15 IST 2023,1.000000
Fri Mar 31 18:49:15 IST 2023,1.000000
Fri Mar 31 18:49:15 IST 2023,1.000000
Fri Mar 31 18:49:16 IST 2023,1.000000
Fri Mar 31 18:49:16 IST 2023,1.000000
Fri Mar 31 18:49:16 IST 2023,1.000000
Fri Mar 31 18:49:16 IST 2023,1.000000
Fri Mar 31 18:49:16 IST 2023,1.000000
Fri Mar 31 18:49:16 IST 2023,1.000000
Fri Mar 31 18:49:16 IST 2023,1.000000
Fri Mar 31 18:49:16 IST 2023,1.000000
Fri Mar 31 18:49:16 IST 2023,1.000000
Fri Mar 31 18:49:16 IST 2023,1.000000
Fri Mar 31 18:49:17 IST 2023,1.000000
Fri Mar 31 18:49:17 IST 2023,1.000000
Fri Mar 31 18:49:17 IST 2023,1.000000
Fri Mar 31 18:49:17 IST 2023,1.000000
Fri Mar 31 18:49:17 IST 2023,1.000000
Fri Mar 31 18:49:17 IST 2023,1.000000
Fri Mar 31 18:49:17 IST 2023,1.000000
Fri Mar 31 18:49:17 IST 2023,1.000000
Fri Mar 31 18:49:17 IST 2023,1.000000
Fri Mar 31 18:49:18 IST 2023,1.000000
Fri Mar 31 18:49:18 IST 2023,1.000000
Fri Mar 31 18:49:18 IST 2023,1.000000
Fri Mar 31 18:49:18 IST 2023,1.000000
Fri Mar 31 18:49:18 IST 2023,1.000000
Fri Mar 31 18:49:18 IST 2023,1.000000
Fri Mar 31 18:49:18 IST 2023,1.000000
Fri Mar 31 18:49:18 IST 2023,1.000000
Fri Mar 31 18:49:18 IST 2023,1.000000
Fri Mar 31 18:49:18 IST 2023,1.000000
Fri Mar 31 18:49:19 IST 2023,1.000000
Fri Mar 31 18:49:19 IST 2023,1.000000
Fri Mar 31 18:49:19 IST 2023,1.000000
Fri Mar 31 18:49:19 IST 2023,1.000000
Fri Mar 31 18:49:19 IST 2023,1.000000
Fri Mar 31 18:49:19 IST 2023,1.000000
Fri Mar 31 18:49:19 IST 2023,1.000000
Fri Mar 31 18:49:19 IST 2023,1.000000
Fri Mar 31 18:49:19 IST 2023,1.000000
Fri Mar 31 18:49:19 IST 2023,1.000000
Fri Mar 31 18:49:20 IST 2023,1.000000
Fri Mar 31 18:49:20 IST 2023,1.000000
Fri Mar 31 18:49:20 IST 2023,1.000000
Fri Mar 31 18:49:20 IST 2023,1.000000
Fri Mar 31 18:49:20 IST 2023,1.000000
Fri Mar 31 18:49:20 IST 2023,1.000000
Fri Mar 31 18:49:20 IST 2023,1.000000
Fri Mar 31 18:49:20 IST 2023,1.000000
Fri Mar 31 18:49:20 IST 2023,1.000000
Fri Mar 31 18:49:20 IST 2023,1.000000
Fri Mar 31 18:49:21 IST 2023,1.000000
Fri Mar 31 18:49:21 IST 2023,1.000000
Fri Mar 31 18:49:21 IST 2023,1.000000
Fri Mar 31 18:49:21 IST 2023,1.000000
Fri Mar 31 18:49:21 IST 2023,1.000000
Fri Mar 31 18:49:21 IST 2023,1.000000
Fri Mar 31 18:49:21 IST 2023,1.000000
Fri Mar 31 18:49:21 IST 2023,1.000000
Fri Mar 31 18:49:21 IST 2023,1.000000
Fri Mar 31 18:49:21 IST 2023,1.000000
Fri Mar 31 18:49:22 IST 2023,1.000000
Fri Mar 31 18:49:22 IST 2023,1.000000
Fri Mar 31 18:49:22 IST 2023,1.000000
Fri Mar 31 18:49:22 IST 2023,1.000000
Fri Mar 31 18:49:22 IST 2023,1.000000
Fri Mar 31 18:49:22 IST 2023,1.000000
Fri Mar 31 18:49:22 IST 2023,1.000000
Fri Mar 31 18:49:22 IST 2023,1.000000
Fri Mar 31 18:49:22 IST 2023,1.000000
Fri Mar 31 18:49:22 IST 2023,1.000000
Fri Mar 31 18:49:23 IST 2023,1.000000
Fri Mar 31 18:49:23 IST 2023,1.000000
Fri Mar 31 18:49:23 IST 2023,1.000000
Fri Mar 31 18:49:23 IST 2023,1.000000
Fri Mar 31 18:49:23 IST 2023,1.000000
Fri Mar 31 18:49:23 IST 2023,1.000000
Fri Mar 31 18:49:23 IST 2023,1.000000
Fri Mar 31 18:49:23 IST 2023,1.000000
Fri Mar 31 18:49:23 IST 2023,1.000000
Fri Mar 31 18:49:23 IST 2023,1.000000
Fri Mar 31 18:49:24 IST 2023,1.000000
Fri Mar 31 18:49:24 IST 2023,1.000000
Fri Mar 31 18:49:24 IST 2023,1.000000
Fri Mar 31 18:49:24 IST 2023,1.000000
Fri Mar 31 18:49:24 IST 2023,1.000000
Fri Mar 31 18:49:24 IST 2023,1.000000
Fri Mar 31 18:49:24 IST 2023,1.000000
Fri Mar 31 18:49:24 IST 2023,1.000000
Fri Mar 31 18:49:24 IST 2023,1.000000
Fri Mar 31 18:49:25 IST 2023,1.000000
Fri Mar 31 18:49:25 IST 2023,1.000000
Fri Mar 31 18:49:25 IST 2023,1.000000
Fri Mar 31 18:49:25 IST 2023,1.000000
Fri Mar 31 18:49:25 IST 2023,1.000000
Fri Mar 31 18:49:25 IST 2023,1.000000
Fri Mar 31 18:49:25 IST 2023,1.000000
Fri Mar 31 18:49:25 IST 2023,1.000000
Fri Mar 31 18:49:25 IST 2023,1.000000
Fri Mar 31 18:49:25 IST 2023,1.000000
Fri Mar 31 18:49:26 IST 2023,1.000000
Fri Mar 31 18:49:26 IST 2023,1.000000
Fri Mar 31 18:49:26 IST 2023,1.000000
Fri Mar 31 18:49:26 IST 2023,1.000000
Fri Mar 31 18:49:26 IST 2023,1.000000
Fri Mar 31 18:49:26 IST 2023,1.000000
Fri Mar 31 18:49:26 IST 2023,1.000000
Fri Mar 31 18:49:26 IST 2023,1.000000
Fri Mar 31 18:49:26 IST 2023,1.000000
Fri Mar 31 18:49:26 IST 2023,1.000000
Fri Mar 31 18:49:27 IST 2023,1.000000
Fri Mar 31 18:49:27 IST 2023,1.000000
Fri Mar 31 18:49:27 IST 2023,1.000000
Fri Mar 31 18:49:27 IST 2023,1.000000
Fri Mar 31 18:49:27 IST 2023,1.000000
Fri Mar 31 18:49:27 IST 2023,1.000000
Fri Mar 31 18:49:27 IST 2023,1.000000
Fri Mar 31 18:49:27 IST 2023,1.000000
Fri Mar 31 18:49:27 IST 2023,1.000000
Fri Mar 31 18:49:27 IST 2023,1.000000
Fri Mar 31 18:49:28 IST 2023,1.000000
Fri Mar 31 18:49:28 IST 2023,1.000000
Fri Mar 31 18:49:28 IST 2023,1.000000
Fri Mar 31 18:49:28 IST 2023,1.000000
Fri Mar 31 18:49:28 IST 2023,1.000000
Fri Mar 31 18:49:28 IST 2023,1.000000
Fri Mar 31 18:49:28 IST 2023,1.000000
Fri Mar 31 18:49:28 IST 2023,1.000000
Fri Mar 31 18:49:28 IST 2023,1.000000
Fri Mar 31 18:49:28 IST 2023,1.000000
Fri Mar 31 18:49:29 IST 2023,1.000000
Fri Mar 31 18:49:29 IST 2023,1.000000
Fri Mar 31 18:49:29 IST 2023,1.000000
Fri Mar 31 18:49:29 IST 2023,1.000000
Fri Mar 31 18:49:29 IST 2023,1.000000
Fri Mar 31 18:49:29 IST 2023,1.000000
Fri Mar 31 18:49:29 IST 2023,1.000000
Fri Mar 31 18:49:29 IST 2023,1.000000
Fri Mar 31 18:49:29 IST 2023,1.000000
Fri Mar 31 18:49:30 IST 2023,1.000000
Fri Mar 31 18:49:30 IST 2023,1.000000
Fri Mar 31 18:49:30 IST 2023,1.000000
Fri Mar 31 18:49:30 IST 2023,1.000000
Fri Mar 31 18:49:30 IST 2023,1.000000
Fri Mar 31 18:49:30 IST 2023,1.000000
Fri Mar 31 18:49:30 IST 2023,1.000000
Fri Mar 31 18:49:30 IST 2023,1.000000
Fri Mar 31 18:49:30 IST 2023,1.000000
Fri Mar 31 18:49:30 IST 2023,1.000000
Fri Mar 31 18:49:31 IST 2023,1.000000
Fri Mar 31 18:49:31 IST 2023,1.000000
Fri Mar 31 18:49:31 IST 2023,1.000000
Fri Mar 31 18:49:31 IST 2023,1.000000
Fri Mar 31 18:49:31 IST 2023,1.000000
Fri Mar 31 18:49:31 IST 2023,1.000000
Fri Mar 31 18:49:31 IST 2023,1.000000
Fri Mar 31 18:49:31 IST 2023,1.000000
Fri Mar 31 18:49:31 IST 2023,1.000000
Fri Mar 31 18:49:31 IST 2023,1.000000
Fri Mar 31 18:49:32 IST 2023,1.000000
Fri Mar 31 18:49:32 IST 2023,1.000000
Fri Mar 31 18:49:32 IST 2023,1.000000
Fri Mar 31 18:49:32 IST 2023,1.000000
Fri Mar 31 18:49:32 IST 2023,1.000000
Fri Mar 31 18:49:32 IST 2023,1.000000
Fri Mar 31 18:49:32 IST 2023,1.000000
Fri Mar 31 18:49:32 IST 2023,1.000000
Fri Mar 31 18:49:32 IST 2023,1.000000
Fri Mar 31 18:49:32 IST 2023,1.000000
Fri Mar 31 18:49:33 IST 2023,1.000000
Fri Mar 31 18:49:33 IST 2023,1.000000
Fri Mar 31 18:49:33 IST 2023,1.000000
Fri Mar 31 18:49:33 IST 2023,1.000000
Fri Mar 31 18:49:33 IST 2023,1.000000
Fri Mar 31 18:49:33 IST 2023,1.000000
Fri Mar 31 18:49:33 IST 2023,1.000000
Fri Mar 31 18:49:33 IST 2023,1.000000
Fri Mar 31 18:49:33 IST 2023,1.000000
Fri Mar 31 18:49:33 IST 2023,1.000000
Fri Mar 31 18:49:34 IST 2023,1.000000
Fri Mar 31 18:49:34 IST 2023,1.000000
Fri Mar 31 18:49:34 IST 2023,1.000000
Fri Mar 31 18:49:34 IST 2023,1.000000
Fri Mar 31 18:49:34 IST 2023,1.000000
Fri Mar 31 18:49:34 IST 2023,1.000000
Fri Mar 31 18:49:34 IST 2023,1.000000
Fri Mar 31 18:49:34 IST 2023,1.000000
Fri Mar 31 18:49:34 IST 2023,1.000000
Fri Mar 31 18:49:35 IST 2023,1.000000
Fri Mar 31 18:49:35 IST 2023,1.000000
Fri Mar 31 18:49:35 IST 2023,1.000000
Fri Mar 31 18:49:35 IST 2023,1.000000
Fri Mar 31 18:49:35 IST 2023,1.000000
Fri Mar 31 18:49:35 IST 2023,1.000000
Fri Mar 31 18:49:35 IST 2023,1.000000
Fri Mar 31 18:49:35 IST 2023,1.000000
Fri Mar 31 18:49:35 IST 2023,1.000000
Fri Mar 31 18:49:35 IST 2023,1.000000
Fri Mar 31 18:49:36 IST 2023,1.000000
Fri Mar 31 18:49:36 IST 2023,1.000000
Fri Mar 31 18:49:36 IST 2023,1.000000
Fri Mar 31 18:49:36 IST 2023,1.000000
Fri Mar 31 18:49:36 IST 2023,1.000000
Fri Mar 31 18:49:36 IST 2023,1.000000
Fri Mar 31 18:49:36 IST 2023,1.000000
Fri Mar 31 18:49:36 IST 2023,1.000000
Fri Mar 31 18:49:36 IST 2023,1.000000
Fri Mar 31 18:49:36 IST 2023,1.000000
Fri Mar 31 18:49:37 IST 2023,1.000000
Fri Mar 31 18:49:37 IST 2023,1.000000
Fri Mar 31 18:49:37 IST 2023,1.000000
Fri Mar 31 18:49:37 IST 2023,1.000000
Fri Mar 31 18:49:37 IST 2023,1.000000
Fri Mar 31 18:49:37 IST 2023,1.000000
Fri Mar 31 18:49:37 IST 2023,1.000000
Fri Mar 31 18:49:37 IST 2023,1.000000
Fri Mar 31 18:49:37 IST 2023,1.000000
Fri Mar 31 18:49:37 IST 2023,1.000000
Fri Mar 31 18:49:38 IST 2023,1.000000
Fri Mar 31 18:49:38 IST 2023,1.000000
Fri Mar 31 18:49:38 IST 2023,1.000000
Fri Mar 31 18:49:38 IST 2023,1.000000
Fri Mar 31 18:49:38 IST 2023,1.000000
Fri Mar 31 18:49:38 IST 2023,1.000000
Fri Mar 31 18:49:38 IST 2023,1.000000
Fri Mar 31 18:49:38 IST 2023,1.000000
Fri Mar 31 18:49:38 IST 2023,1.000000
Fri Mar 31 18:49:38 IST 2023,1.000000
Fri Mar 31 18:49:39 IST 2023,1.000000
Fri Mar 31 18:49:39 IST 2023,1.000000
Fri Mar 31 18:49:39 IST 2023,1.000000
Fri Mar 31 18:49:39 IST 2023,1.000000
Fri Mar 31 18:49:39 IST 2023,1.000000
Fri Mar 31 18:49:39 IST 2023,1.000000
Fri Mar 31 18:49:39 IST 2023,1.000000
Fri Mar 31 18:49:39 IST 2023,1.000000
Fri Mar 31 18:49:39 IST 2023,1.000000
Fri Mar 31 18:49:39 IST 2023,1.000000
Fri Mar 31 18:49:40 IST 2023,1.000000
Fri Mar 31 18:49:40 IST 2023,1.000000
Fri Mar 31 18:49:40 IST 2023,1.000000
Fri Mar 31 18:49:40 IST 2023,1.000000
Fri Mar 31 18:49:40 IST 2023,1.000000
Fri Mar 31 18:49:40 IST 2023,1.000000
Fri Mar 31 18:49:40 IST 2023,1.000000
Fri Mar 31 18:49:40 IST 2023,1.000000
Fri Mar 31 18:49:40 IST 2023,1.000000
Fri Mar 31 18:49:40 IST 2023,1.000000
Fri Mar 31 18:49:41 IST 2023,1.000000
Fri Mar 31 18:49:41 IST 2023,1.000000
Fri Mar 31 18:49:41 IST 2023,1.000000
Fri Mar 31 18:49:41 IST 2023,1.000000
Fri Mar 31 18:49:41 IST 2023,1.000000
Fri Mar 31 18:49:41 IST 2023,1.000000
Fri Mar 31 18:49:41 IST 2023,1.000000
Fri Mar 31 18:49:41 IST 2023,1.000000
Fri Mar 31 18:49:41 IST 2023,1.000000
Fri Mar 31 18:49:41 IST 2023,1.000000
Fri Mar 31 18:49:42 IST 2023,1.000000
Fri Mar 31 18:49:42 IST 2023,1.000000
Fri Mar 31 18:49:42 IST 2023,1.000000
Fri Mar 31 18:49:42 IST 2023,1.000000
Fri Mar 31 18:49:42 IST 2023,1.000000
Fri Mar 31 18:49:42 IST 2023,1.000000
Fri Mar 31 18:49:42 IST 2023,1.000000
Fri Mar 31 18:49:42 IST 2023,1.000000
Fri Mar 31 18:49:42 IST 2023,1.000000
Fri Mar 31 18:49:43 IST 2023,1.000000
Fri Mar 31 18:49:43 IST 2023,1.000000
Fri Mar 31 18:49:43 IST 2023,1.000000
Fri Mar 31 18:49:43 IST 2023,1.000000
Fri Mar 31 18:49:43 IST 2023,1.000000
Fri Mar 31 18:49:43 IST 2023,1.000000
Fri Mar 31 18:49:43 IST 2023,1.000000
Fri Mar 31 18:49:43 IST 2023,1.000000
Fri Mar 31 18:49:43 IST 2023,1.000000
Fri Mar 31 18:49:43 IST 2023,1.000000
Fri Mar 31 18:49:44 IST 2023,1.000000
Fri Mar 31 18:49:44 IST 2023,1.000000
Fri Mar 31 18:49:44 IST 2023,1.000000
Fri Mar 31 18:49:44 IST 2023,1.000000
Fri Mar 31 18:49:44 IST 2023,1.000000
Fri Mar 31 18:49:44 IST 2023,1.000000
Fri Mar 31 18:49:44 IST 2023,1.000000
Fri Mar 31 18:49:44 IST 2023,1.000000
Fri Mar 31 18:49:44 IST 2023,1.000000
Fri Mar 31 18:49:44 IST 2023,1.000000
Fri Mar 31 18:49:45 IST 2023,1.000000
Fri Mar 31 18:49:45 IST 2023,1.000000
Fri Mar 31 18:49:45 IST 2023,1.000000
Fri Mar 31 18:49:45 IST 2023,1.000000
Fri Mar 31 18:49:45 IST 2023,1.000000
Fri Mar 31 18:49:45 IST 2023,1.000000
Fri Mar 31 18:49:45 IST 2023,1.000000
Fri Mar 31 18:49:45 IST 2023,1.000000
Fri Mar 31 18:49:45 IST 2023,1.000000
Fri Mar 31 18:49:45 IST 2023,1.000000
Fri Mar 31 18:49:46 IST 2023,1.000000
Fri Mar 31 18:49:46 IST 2023,1.000000
Fri Mar 31 18:49:46 IST 2023,1.000000
Fri Mar 31 18:49:46 IST 2023,1.000000
Fri Mar 31 18:49:46 IST 2023,1.000000
Fri Mar 31 18:49:46 IST 2023,1.000000
Fri Mar 31 18:49:46 IST 2023,1.000000
Fri Mar 31 18:49:46 IST 2023,1.000000
Fri Mar 31 18:49:46 IST 2023,1.000000
Fri Mar 31 18:49:46 IST 2023,1.000000
Fri Mar 31 18:49:47 IST 2023,1.000000
Fri Mar 31 18:49:47 IST 2023,1.000000
Fri Mar 31 18:49:47 IST 2023,1.000000
Fri Mar 31 18:49:47 IST 2023,1.000000
Fri Mar 31 18:49:47 IST 2023,1.000000
Fri Mar 31 18:49:47 IST 2023,1.000000
Fri Mar 31 18:49:47 IST 2023,1.000000
Fri Mar 31 18:49:47 IST 2023,1.000000
Fri Mar 31 18:49:47 IST 2023,1.000000
Fri Mar 31 18:49:47 IST 2023,1.000000
Fri Mar 31 18:49:48 IST 2023,1.000000
Fri Mar 31 18:49:48 IST 2023,1.000000
Fri Mar 31 18:49:48 IST 2023,1.000000
Fri Mar 31 18:49:48 IST 2023,1.000000
Fri Mar 31 18:49:48 IST 2023,1.000000
Fri Mar 31 18:49:48 IST 2023,1.000000
Fri Mar 31 18:49:48 IST 2023,1.000000
Fri Mar 31 18:49:48 IST 2023,1.000000
Fri Mar 31 18:49:48 IST 2023,1.000000
Fri Mar 31 18:49:48 IST 2023,1.000000
Fri Mar 31 18:49:49 IST 2023,1.000000
Fri Mar 31 18:49:49 IST 2023,1.000000
Fri Mar 31 18:49:49 IST 2023,1.000000
Fri Mar 31 18:49:49 IST 2023,1.000000
Fri Mar 31 18:49:49 IST 2023,1.000000
Fri Mar 31 18:49:49 IST 2023,1.000000
Fri Mar 31 18:49:49 IST 2023,1.000000
Fri Mar 31 18:49:49 IST 2023,1.000000
Fri Mar 31 18:49:49 IST 2023,1.000000
Fri Mar 31 18:49:50 IST 2023,1.000000
Fri Mar 31 18:49:50 IST 2023,1.000000
Fri Mar 31 18:49:50 IST 2023,1.000000
Fri Mar 31 18:49:50 IST 2023,1.000000
Fri Mar 31 18:49:50 IST 2023,1.000000
Fri Mar 31 18:49:50 IST 2023,1.000000
Fri Mar 31 18:49:50 IST 2023,1.000000
Fri Mar 31 18:49:50 IST 2023,1.000000
Fri Mar 31 18:49:50 IST 2023,1.000000
Fri Mar 31 18:49:50 IST 2023,1.000000
Fri Mar 31 18:49:51 IST 2023,1.000000
Fri Mar 31 18:49:51 IST 2023,1.000000
Fri Mar 31 18:49:51 IST 2023,1.000000
Fri Mar 31 18:49:51 IST 2023,1.000000
Fri Mar 31 18:49:51 IST 2023,1.000000
Fri Mar 31 18:49:51 IST 2023,1.000000
Fri Mar 31 18:49:51 IST 2023,1.000000
Fri Mar 31 18:49:51 IST 2023,1.000000
Fri Mar 31 18:49:51 IST 2023,1.000000
Fri Mar 31 18:49:51 IST 2023,1.000000
Fri Mar 31 18:49:52 IST 2023,1.000000
Fri Mar 31 18:49:52 IST 2023,1.000000
Fri Mar 31 18:49:52 IST 2023,1.000000
Fri Mar 31 18:49:52 IST 2023,1.000000
Fri Mar 31 18:49:52 IST 2023,1.000000
Fri Mar 31 18:49:52 IST 2023,1.000000
Fri Mar 31 18:49:52 IST 2023,1.000000
Fri Mar 31 18:49:52 IST 2023,1.000000
Fri Mar 31 18:49:52 IST 2023,1.000000
Fri Mar 31 18:49:52 IST 2023,1.000000
Fri Mar 31 18:49:53 IST 2023,1.000000
Fri Mar 31 18:49:53 IST 2023,1.000000
Fri Mar 31 18:49:53 IST 2023,1.000000
Fri Mar 31 18:49:53 IST 2023,1.000000
Fri Mar 31 18:49:53 IST 2023,1.000000
Fri Mar 31 18:49:53 IST 2023,1.000000
Fri Mar 31 18:49:53 IST 2023,1.000000
Fri Mar 31 18:49:53 IST 2023,1.000000
Fri Mar 31 18:49:53 IST 2023,1.000000
Fri Mar 31 18:49:53 IST 2023,1.000000
Fri Mar 31 18:49:54 IST 2023,1.000000
Fri Mar 31 18:49:54 IST 2023,1.000000
Fri Mar 31 18:49:54 IST 2023,1.000000
Fri Mar 31 18:49:54 IST 2023,1.000000
Fri Mar 31 18:49:54 IST 2023,1.000000
Fri Mar 31 18:49:54 IST 2023,1.000000
Fri Mar 31 18:49:54 IST 2023,1.000000
Fri Mar 31 18:49:54 IST 2023,1.000000
Fri Mar 31 18:49:54 IST 2023,1.000000
Fri Mar 31 18:49:54 IST 2023,1.000000
Fri Mar 31 18:49:55 IST 2023,1.000000
Fri Mar 31 18:49:55 IST 2023,1.000000
Fri Mar 31 18:49:55 IST 2023,1.000000
Fri Mar 31 18:49:55 IST 2023,1.000000
Fri Mar 31 18:49:55 IST 2023,1.000000
Fri Mar 31 18:49:55 IST 2023,1.000000
Fri Mar 31 18:49:55 IST 2023,1.000000
Fri Mar 31 18:49:55 IST 2023,1.000000
Fri Mar 31 18:49:55 IST 2023,1.000000
Fri Mar 31 18:49:56 IST 2023,1.000000
Fri Mar 31 18:49:56 IST 2023,1.000000
Fri Mar 31 18:49:56 IST 2023,1.000000
Fri Mar 31 18:49:56 IST 2023,1.000000
Fri Mar 31 18:49:56 IST 2023,1.000000
Fri Mar 31 18:49:56 IST 2023,1.000000
Fri Mar 31 18:49:56 IST 2023,1.000000
Fri Mar 31 18:49:56 IST 2023,1.000000
Fri Mar 31 18:49:56 IST 2023,1.000000
Fri Mar 31 18:49:56 IST 2023,1.000000
Fri Mar 31 18:49:57 IST 2023,1.000000
Fri Mar 31 18:49:57 IST 2023,1.000000
Fri Mar 31 18:49:57 IST 2023,1.000000
Fri Mar 31 18:49:57 IST 2023,1.000000
Fri Mar 31 18:49:57 IST 2023,1.000000
Fri Mar 31 18:49:57 IST 2023,1.000000
Fri Mar 31 18:49:57 IST 2023,1.000000
Fri Mar 31 18:49:57 IST 2023,1.000000
Fri Mar 31 18:49:57 IST 2023,1.000000
Fri Mar 31 18:49:57 IST 2023,1.000000
Fri Mar 31 18:49:58 IST 2023,1.000000
Fri Mar 31 18:49:58 IST 2023,1.000000
Fri Mar 31 18:49:58 IST 2023,1.000000
Fri Mar 31 18:49:58 IST 2023,1.000000
Fri Mar 31 18:49:58 IST 2023,1.000000
Fri Mar 31 18:49:58 IST 2023,1.000000
Fri Mar 31 18:49:58 IST 2023,1.000000
Fri Mar 31 18:49:58 IST 2023,1.000000
Fri Mar 31 18:49:58 IST 2023,1.000000
Fri Mar 31 18:49:58 IST 2023,1.000000
Fri Mar 31 18:49:59 IST 2023,1.000000
Fri Mar 31 18:49:59 IST 2023,1.000000
Fri Mar 31 18:49:59 IST 2023,1.000000
Fri Mar 31 18:49:59 IST 2023,1.000000
Fri Mar 31 18:49:59 IST 2023,1.000000
Fri Mar 31 18:49:59 IST 2023,1.000000
Fri Mar 31 18:49:59 IST 2023,1.000000
Fri Mar 31 18:49:59 IST 2023,1.000000
Fri Mar 31 18:49:59 IST 2023,1.000000
Fri Mar 31 18:49:59 IST 2023,1.000000
Fri Mar 31 18:50:00 IST 2023,1.000000
Fri Mar 31 18:50:00 IST 2023,1.000000
Fri Mar 31 18:50:00 IST 2023,1.000000
Fri Mar 31 18:50:00 IST 2023,1.000000
Fri Mar 31 18:50:00 IST 2023,1.000000
Fri Mar 31 18:50:00 IST 2023,1.000000
Fri Mar 31 18:50:00 IST 2023,1.000000
Fri Mar 31 18:50:00 IST 2023,1.000000
Fri Mar 31 18:50:00 IST 2023,1.000000
Fri Mar 31 18:50:00 IST 2023,1.000000
Fri Mar 31 18:50:01 IST 2023,1.000000
Fri Mar 31 18:50:01 IST 2023,1.000000
Fri Mar 31 18:50:01 IST 2023,1.000000
Fri Mar 31 18:50:01 IST 2023,1.000000
Fri Mar 31 18:50:01 IST 2023,1.000000
Fri Mar 31 18:50:01 IST 2023,1.000000
Fri Mar 31 18:50:01 IST 2023,1.000000
Fri Mar 31 18:50:01 IST 2023,1.000000
Fri Mar 31 18:50:01 IST 2023,1.000000
Fri Mar 31 18:50:02 IST 2023,1.000000
Fri Mar 31 18:50:02 IST 2023,1.000000
Fri Mar 31 18:50:02 IST 2023,1.000000
Fri Mar 31 18:50:02 IST 2023,1.000000
Fri Mar 31 18:50:02 IST 2023,1.000000
Fri Mar 31 18:50:02 IST 2023,1.000000
Fri Mar 31 18:50:02 IST 2023,1.000000
Fri Mar 31 18:50:02 IST 2023,1.000000
Fri Mar 31 18:50:02 IST 2023,1.000000
Fri Mar 31 18:50:02 IST 2023,1.000000
Fri Mar 31 18:50:03 IST 2023,1.000000
Fri Mar 31 18:50:03 IST 2023,1.000000
Fri Mar 31 18:50:03 IST 2023,1.000000
Fri Mar 31 18:50:03 IST 2023,1.000000
Fri Mar 31 18:50:03 IST 2023,1.000000
Fri Mar 31 18:50:03 IST 2023,1.000000
Fri Mar 31 18:50:03 IST 2023,1.000000
Fri Mar 31 18:50:03 IST 2023,1.000000
Fri Mar 31 18:50:03 IST 2023,1.000000
Fri Mar 31 18:50:03 IST 2023,1.000000
Fri Mar 31 18:50:04 IST 2023,1.000000
Fri Mar 31 18:50:04 IST 2023,1.000000
Fri Mar 31 18:50:04 IST 2023,1.000000
Fri Mar 31 18:50:04 IST 2023,1.000000
Fri Mar 31 18:50:04 IST 2023,1.000000
Fri Mar 31 18:50:04 IST 2023,1.000000
Fri Mar 31 18:50:04 IST 2023,1.000000
Fri Mar 31 18:50:04 IST 2023,1.000000
Fri Mar 31 18:50:04 IST 2023,1.000000
Fri Mar 31 18:50:04 IST 2023,1.000000
Fri Mar 31 18:50:05 IST 2023,1.000000
Fri Mar 31 18:50:05 IST 2023,1.000000
Fri Mar 31 18:50:05 IST 2023,1.000000
Fri Mar 31 18:50:05 IST 2023,1.000000
Fri Mar 31 18:50:05 IST 2023,1.000000
Fri Mar 31 18:50:05 IST 2023,1.000000
Fri Mar 31 18:50:05 IST 2023,1.000000
Fri Mar 31 18:50:05 IST 2023,1.000000
Fri Mar 31 18:50:05 IST 2023,1.000000
Fri Mar 31 18:50:05 IST 2023,1.000000
Fri Mar 31 18:50:06 IST 2023,1.000000
Fri Mar 31 18:50:06 IST 2023,1.000000
Fri Mar 31 18:50:06 IST 2023,1.000000
Fri Mar 31 18:50:06 IST 2023,1.000000
Fri Mar 31 18:50:06 IST 2023,1.000000
Fri Mar 31 18:50:06 IST 2023,1.000000
Fri Mar 31 18:50:06 IST 2023,1.000000
Fri Mar 31 18:50:06 IST 2023,1.000000
Fri Mar 31 18:50:06 IST 2023,1.000000
Fri Mar 31 18:50:06 IST 2023,1.000000
Fri Mar 31 18:50:07 IST 2023,1.000000
Fri Mar 31 18:50:07 IST 2023,1.000000
Fri Mar 31 18:50:07 IST 2023,1.000000
Fri Mar 31 18:50:07 IST 2023,1.000000
Fri Mar 31 18:50:07 IST 2023,1.000000
Fri Mar 31 18:50:07 IST 2023,1.000000
Fri Mar 31 18:50:07 IST 2023,1.000000
Fri Mar 31 18:50:07 IST 2023,1.000000
Fri Mar 31 18:50:07 IST 2023,1.000000
Fri Mar 31 18:50:07 IST 2023,1.000000
Fri Mar 31 18:50:08 IST 2023,1.000000
Fri Mar 31 18:50:08 IST 2023,1.000000
Fri Mar 31 18:50:08 IST 2023,1.000000
Fri Mar 31 18:50:08 IST 2023,1.000000
Fri Mar 31 18:50:08 IST 2023,1.000000
Fri Mar 31 18:50:08 IST 2023,1.000000
Fri Mar 31 18:50:08 IST 2023,1.000000
Fri Mar 31 18:50:08 IST 2023,1.000000
Fri Mar 31 18:50:08 IST 2023,1.000000
Fri Mar 31 18:50:08 IST 2023,1.000000
Fri Mar 31 18:50:09 IST 2023,1.000000
Fri Mar 31 18:50:09 IST 2023,1.000000
Fri Mar 31 18:50:09 IST 2023,1.000000
Fri Mar 31 18:50:09 IST 2023,1.000000
Fri Mar 31 18:50:09 IST 2023,1.000000
Fri Mar 31 18:50:09 IST 2023,1.000000
Fri Mar 31 18:50:09 IST 2023,1.000000
Fri Mar 31 18:50:09 IST 2023,1.000000
Fri Mar 31 18:50:09 IST 2023,1.000000
Fri Mar 31 18:50:10 IST 2023,1.000000
Fri Mar 31 18:50:10 IST 2023,1.000000
Fri Mar 31 18:50:10 IST 2023,1.000000
Fri Mar 31 18:50:10 IST 2023,1.000000
Fri Mar 31 18:50:10 IST 2023,1.000000
Fri Mar 31 18:50:10 IST 2023,1.000000
Fri Mar 31 18:50:10 IST 2023,1.000000
Fri Mar 31 18:50:10 IST 2023,1.000000
Fri Mar 31 18:50:10 IST 2023,1.000000
Fri Mar 31 18:50:10 IST 2023,1.000000
Fri Mar 31 18:50:11 IST 2023,1.000000
Fri Mar 31 18:50:11 IST 2023,1.000000
Fri Mar 31 18:50:11 IST 2023,1.000000
Fri Mar 31 18:50:11 IST 2023,1.000000
Fri Mar 31 18:50:11 IST 2023,1.000000
Fri Mar 31 18:50:11 IST 2023,1.000000
Fri Mar 31 18:50:11 IST 2023,1.000000
Fri Mar 31 18:50:11 IST 2023,1.000000
Fri Mar 31 18:50:11 IST 2023,1.000000
Fri Mar 31 18:50:11 IST 2023,1.000000
Fri Mar 31 18:50:12 IST 2023,1.000000
Fri Mar 31 18:50:12 IST 2023,1.000000
Fri Mar 31 18:50:12 IST 2023,1.000000
Fri Mar 31 18:50:12 IST 2023,1.000000
Fri Mar 31 18:50:12 IST 2023,1.000000
Fri Mar 31 18:50:12 IST 2023,1.000000
Fri Mar 31 18:50:12 IST 2023,1.000000
Fri Mar 31 18:50:12 IST 2023,1.000000
Fri Mar 31 18:50:12 IST 2023,1.000000
Fri Mar 31 18:50:12 IST 2023,1.000000
Fri Mar 31 18:50:13 IST 2023,1.000000
Fri Mar 31 18:50:13 IST 2023,1.000000
Fri Mar 31 18:50:13 IST 2023,1.000000
Fri Mar 31 18:50:13 IST 2023,1.000000
Fri Mar 31 18:50:13 IST 2023,1.000000
Fri Mar 31 18:50:13 IST 2023,1.000000
Fri Mar 31 18:50:13 IST 2023,1.000000
Fri Mar 31 18:50:13 IST 2023,1.000000
Fri Mar 31 18:50:13 IST 2023,1.000000
Fri Mar 31 18:50:14 IST 2023,1.000000
Fri Mar 31 18:50:14 IST 2023,1.000000
Fri Mar 31 18:50:14 IST 2023,1.000000
Fri Mar 31 18:50:14 IST 2023,1.000000
Fri Mar 31 18:50:14 IST 2023,1.000000
Fri Mar 31 18:50:14 IST 2023,1.000000
Fri Mar 31 18:50:14 IST 2023,1.000000
Fri Mar 31 18:50:14 IST 2023,1.000000
Fri Mar 31 18:50:14 IST 2023,1.000000
Fri Mar 31 18:50:14 IST 2023,1.000000
Fri Mar 31 18:50:15 IST 2023,1.000000
Fri Mar 31 18:50:15 IST 2023,1.000000
Fri Mar 31 18:50:15 IST 2023,1.000000
Fri Mar 31 18:50:15 IST 2023,1.000000
Fri Mar 31 18:50:15 IST 2023,1.000000
Fri Mar 31 18:50:15 IST 2023,1.000000
Fri Mar 31 18:50:15 IST 2023,1.000000
Fri Mar 31 18:50:15 IST 2023,1.000000
Fri Mar 31 18:50:15 IST 2023,1.000000
Fri Mar 31 18:50:15 IST 2023,1.000000
Fri Mar 31 18:50:16 IST 2023,1.000000
Fri Mar 31 18:50:16 IST 2023,1.000000
Fri Mar 31 18:50:16 IST 2023,1.000000
Fri Mar 31 18:50:16 IST 2023,1.000000
Fri Mar 31 18:50:16 IST 2023,1.000000
Fri Mar 31 18:50:16 IST 2023,1.000000
Fri Mar 31 18:50:16 IST 2023,1.000000
Fri Mar 31 18:50:16 IST 2023,1.000000
Fri Mar 31 18:50:16 IST 2023,1.000000
Fri Mar 31 18:50:16 IST 2023,1.000000
Fri Mar 31 18:50:17 IST 2023,1.000000
Fri Mar 31 18:50:17 IST 2023,1.000000
Fri Mar 31 18:50:17 IST 2023,1.000000
Fri Mar 31 18:50:17 IST 2023,1.000000
Fri Mar 31 18:50:17 IST 2023,1.000000
Fri Mar 31 18:50:17 IST 2023,1.000000
Fri Mar 31 18:50:17 IST 2023,1.000000
Fri Mar 31 18:50:17 IST 2023,1.000000
Fri Mar 31 18:50:17 IST 2023,1.000000
Fri Mar 31 18:50:17 IST 2023,1.000000
Fri Mar 31 18:50:18 IST 2023,1.000000
Fri Mar 31 18:50:18 IST 2023,1.000000
Fri Mar 31 18:50:18 IST 2023,1.000000
Fri Mar 31 18:50:18 IST 2023,1.000000
Fri Mar 31 18:50:18 IST 2023,1.000000
Fri Mar 31 18:50:18 IST 2023,1.000000
Fri Mar 31 18:50:18 IST 2023,1.000000
Fri Mar 31 18:50:18 IST 2023,1.000000
Fri Mar 31 18:50:18 IST 2023,1.000000
Fri Mar 31 18:50:18 IST 2023,1.000000
Fri Mar 31 18:50:19 IST 2023,1.000000
Fri Mar 31 18:50:19 IST 2023,1.000000
Fri Mar 31 18:50:19 IST 2023,1.000000
Fri Mar 31 18:50:19 IST 2023,1.000000
Fri Mar 31 18:50:19 IST 2023,1.000000
Fri Mar 31 18:50:19 IST 2023,1.000000
Fri Mar 31 18:50:19 IST 2023,1.000000
Fri Mar 31 18:50:19 IST 2023,1.000000
Fri Mar 31 18:50:19 IST 2023,1.000000
Fri Mar 31 18:50:20 IST 2023,1.000000
Fri Mar 31 18:50:20 IST 2023,1.000000
Fri Mar 31 18:50:20 IST 2023,1.000000
Fri Mar 31 18:50:20 IST 2023,1.000000
Fri Mar 31 18:50:20 IST 2023,1.000000
Fri Mar 31 18:50:20 IST 2023,1.000000
Fri Mar 31 18:50:20 IST 2023,1.000000
Fri Mar 31 18:50:20 IST 2023,1.000000
Fri Mar 31 18:50:20 IST 2023,1.000000
Fri Mar 31 18:50:20 IST 2023,1.000000
Fri Mar 31 18:50:21 IST 2023,1.000000
Fri Mar 31 18:50:21 IST 2023,1.000000
Fri Mar 31 18:50:21 IST 2023,1.000000
Fri Mar 31 18:50:21 IST 2023,1.000000
Fri Mar 31 18:50:21 IST 2023,1.000000
Fri Mar 31 18:50:21 IST 2023,1.000000
Fri Mar 31 18:50:21 IST 2023,1.000000
Fri Mar 31 18:50:21 IST 2023,1.000000
Fri Mar 31 18:50:21 IST 2023,1.000000
Fri Mar 31 18:50:21 IST 2023,1.000000
Fri Mar 31 18:50:22 IST 2023,1.000000
Fri Mar 31 18:50:22 IST 2023,1.000000
Fri Mar 31 18:50:22 IST 2023,1.000000
Fri Mar 31 18:50:22 IST 2023,1.000000
Fri Mar 31 18:50:22 IST 2023,1.000000
Fri Mar 31 18:50:22 IST 2023,1.000000
Fri Mar 31 18:50:22 IST 2023,1.000000
Fri Mar 31 18:50:22 IST 2023,1.000000
Fri Mar 31 18:50:22 IST 2023,1.000000
Fri Mar 31 18:50:22 IST 2023,1.000000
Fri Mar 31 18:50:23 IST 2023,1.000000
Fri Mar 31 18:50:23 IST 2023,1.000000
Fri Mar 31 18:50:23 IST 2023,1.000000
Fri Mar 31 18:50:23 IST 2023,1.000000
Fri Mar 31 18:50:23 IST 2023,1.000000
Fri Mar 31 18:50:23 IST 2023,1.000000
Fri Mar 31 18:50:23 IST 2023,1.000000
Fri Mar 31 18:50:23 IST 2023,1.000000
Fri Mar 31 18:50:23 IST 2023,1.000000
Fri Mar 31 18:50:23 IST 2023,1.000000
Fri Mar 31 18:50:24 IST 2023,1.000000
Fri Mar 31 18:50:24 IST 2023,1.000000
Fri Mar 31 18:50:24 IST 2023,1.000000
Fri Mar 31 18:50:24 IST 2023,1.000000
Fri Mar 31 18:50:24 IST 2023,1.000000
Fri Mar 31 18:50:24 IST 2023,1.000000
Fri Mar 31 18:50:24 IST 2023,1.000000
Fri Mar 31 18:50:24 IST 2023,1.000000
Fri Mar 31 18:50:24 IST 2023,1.000000
Fri Mar 31 18:50:25 IST 2023,1.000000
Fri Mar 31 18:50:25 IST 2023,1.000000
Fri Mar 31 18:50:25 IST 2023,1.000000
Fri Mar 31 18:50:25 IST 2023,1.000000
Fri Mar 31 18:50:25 IST 2023,1.000000
Fri Mar 31 18:50:25 IST 2023,1.000000
Fri Mar 31 18:50:25 IST 2023,1.000000
Fri Mar 31 18:50:25 IST 2023,1.000000
Fri Mar 31 18:50:25 IST 2023,1.000000
Fri Mar 31 18:50:26 IST 2023,1.000000
Fri Mar 31 18:50:26 IST 2023,1.000000
Fri Mar 31 18:50:26 IST 2023,1.000000
Fri Mar 31 18:50:26 IST 2023,1.000000
Fri Mar 31 18:50:26 IST 2023,1.000000
Fri Mar 31 18:50:26 IST 2023,1.000000
Fri Mar 31 18:50:26 IST 2023,1.000000
Fri Mar 31 18:50:26 IST 2023,1.000000
Fri Mar 31 18:50:26 IST 2023,1.000000
Fri Mar 31 18:50:27 IST 2023,1.000000
Fri Mar 31 18:50:27 IST 2023,1.000000
Fri Mar 31 18:50:27 IST 2023,1.000000
Fri Mar 31 18:50:27 IST 2023,1.000000
Fri Mar 31 18:50:27 IST 2023,1.000000
Fri Mar 31 18:50:27 IST 2023,1.000000
Fri Mar 31 18:50:27 IST 2023,1.000000
Fri Mar 31 18:50:27 IST 2023,1.000000
Fri Mar 31 18:50:27 IST 2023,1.000000
Fri Mar 31 18:50:28 IST 2023,1.000000
Fri Mar 31 18:50:28 IST 2023,1.000000
Fri Mar 31 18:50:28 IST 2023,1.000000
Fri Mar 31 18:50:28 IST 2023,1.000000
Fri Mar 31 18:50:28 IST 2023,1.000000
Fri Mar 31 18:50:28 IST 2023,1.000000
Fri Mar 31 18:50:28 IST 2023,1.000000
Fri Mar 31 18:50:28 IST 2023,1.000000
Fri Mar 31 18:50:28 IST 2023,1.000000
Fri Mar 31 18:50:29 IST 2023,1.000000
Fri Mar 31 18:50:29 IST 2023,1.000000
Fri Mar 31 18:50:29 IST 2023,1.000000
Fri Mar 31 18:50:29 IST 2023,1.000000
Fri Mar 31 18:50:29 IST 2023,1.000000
Fri Mar 31 18:50:29 IST 2023,1.000000
Fri Mar 31 18:50:29 IST 2023,1.000000
Fri Mar 31 18:50:29 IST 2023,1.000000
Fri Mar 31 18:50:29 IST 2023,1.000000
Fri Mar 31 18:50:30 IST 2023,1.000000
Fri Mar 31 18:50:30 IST 2023,1.000000
Fri Mar 31 18:50:30 IST 2023,1.000000
Fri Mar 31 18:50:30 IST 2023,1.000000
Fri Mar 31 18:50:30 IST 2023,1.000000
Fri Mar 31 18:50:30 IST 2023,1.000000
Fri Mar 31 18:50:30 IST 2023,1.000000
Fri Mar 31 18:50:30 IST 2023,1.000000
Fri Mar 31 18:50:30 IST 2023,1.000000
Fri Mar 31 18:50:30 IST 2023,1.000000
Fri Mar 31 18:50:31 IST 2023,1.000000
Fri Mar 31 18:50:31 IST 2023,1.000000
Fri Mar 31 18:50:31 IST 2023,1.000000
Fri Mar 31 18:50:31 IST 2023,1.000000
Fri Mar 31 18:50:31 IST 2023,1.000000
Fri Mar 31 18:50:31 IST 2023,1.000000
Fri Mar 31 18:50:31 IST 2023,1.000000
Fri Mar 31 18:50:31 IST 2023,1.000000
Fri Mar 31 18:50:31 IST 2023,1.000000
Fri Mar 31 18:50:32 IST 2023,1.000000
Fri Mar 31 18:50:32 IST 2023,1.000000
Fri Mar 31 18:50:32 IST 2023,1.000000
Fri Mar 31 18:50:32 IST 2023,1.000000
Fri Mar 31 18:50:32 IST 2023,1.000000
Fri Mar 31 18:50:32 IST 2023,1.000000
Fri Mar 31 18:50:32 IST 2023,1.000000
Fri Mar 31 18:50:32 IST 2023,1.000000
Fri Mar 31 18:50:32 IST 2023,1.000000
Fri Mar 31 18:50:33 IST 2023,1.000000
Fri Mar 31 18:50:33 IST 2023,1.000000
Fri Mar 31 18:50:33 IST 2023,1.000000
Fri Mar 31 18:50:33 IST 2023,1.000000
Fri Mar 31 18:50:33 IST 2023,1.000000
Fri Mar 31 18:50:33 IST 2023,1.000000
Fri Mar 31 18:50:33 IST 2023,1.000000
Fri Mar 31 18:50:33 IST 2023,1.000000
Fri Mar 31 18:50:33 IST 2023,1.000000
Fri Mar 31 18:50:34 IST 2023,1.000000
Fri Mar 31 18:50:34 IST 2023,1.000000
Fri Mar 31 18:50:34 IST 2023,1.000000
Fri Mar 31 18:50:34 IST 2023,1.000000
Fri Mar 31 18:50:34 IST 2023,1.000000
Fri Mar 31 18:50:34 IST 2023,1.000000
Fri Mar 31 18:50:34 IST 2023,1.000000
Fri Mar 31 18:50:34 IST 2023,1.000000
Fri Mar 31 18:50:34 IST 2023,1.000000
Fri Mar 31 18:50:35 IST 2023,1.000000
Fri Mar 31 18:50:35 IST 2023,1.000000
Fri Mar 31 18:50:35 IST 2023,1.000000
Fri Mar 31 18:50:35 IST 2023,1.000000
Fri Mar 31 18:50:35 IST 2023,1.000000
Fri Mar 31 18:50:35 IST 2023,1.000000
Fri Mar 31 18:50:35 IST 2023,1.000000
Fri Mar 31 18:50:35 IST 2023,1.000000
Fri Mar 31 18:50:35 IST 2023,1.000000
Fri Mar 31 18:50:36 IST 2023,1.000000
Fri Mar 31 18:50:36 IST 2023,1.000000
Fri Mar 31 18:50:36 IST 2023,1.000000
Fri Mar 31 18:50:36 IST 2023,1.000000
Fri Mar 31 18:50:36 IST 2023,1.000000
Fri Mar 31 18:50:36 IST 2023,1.000000
Fri Mar 31 18:50:36 IST 2023,1.000000
Fri Mar 31 18:50:36 IST 2023,1.000000
Fri Mar 31 18:50:36 IST 2023,1.000000
Fri Mar 31 18:50:36 IST 2023,1.000000
Fri Mar 31 18:50:37 IST 2023,1.000000
Fri Mar 31 18:50:37 IST 2023,1.000000
Fri Mar 31 18:50:37 IST 2023,1.000000
Fri Mar 31 18:50:37 IST 2023,1.000000
Fri Mar 31 18:50:37 IST 2023,1.000000
Fri Mar 31 18:50:37 IST 2023,1.000000
Fri Mar 31 18:50:37 IST 2023,1.000000
Fri Mar 31 18:50:37 IST 2023,1.000000
Fri Mar 31 18:50:37 IST 2023,1.000000
Fri Mar 31 18:50:38 IST 2023,1.000000
Fri Mar 31 18:50:38 IST 2023,1.000000
Fri Mar 31 18:50:38 IST 2023,1.000000
Fri Mar 31 18:50:38 IST 2023,1.000000
Fri Mar 31 18:50:38 IST 2023,1.000000
Fri Mar 31 18:50:38 IST 2023,1.000000
Fri Mar 31 18:50:38 IST 2023,1.000000
Fri Mar 31 18:50:38 IST 2023,1.000000
Fri Mar 31 18:50:38 IST 2023,1.000000
Fri Mar 31 18:50:39 IST 2023,1.000000
Fri Mar 31 18:50:39 IST 2023,1.000000
Fri Mar 31 18:50:39 IST 2023,1.000000
Fri Mar 31 18:50:39 IST 2023,1.000000
Fri Mar 31 18:50:39 IST 2023,1.000000
Fri Mar 31 18:50:39 IST 2023,1.000000
Fri Mar 31 18:50:39 IST 2023,1.000000
Fri Mar 31 18:50:39 IST 2023,1.000000
Fri Mar 31 18:50:39 IST 2023,1.000000
Fri Mar 31 18:50:40 IST 2023,1.000000
Fri Mar 31 18:50:40 IST 2023,1.000000
Fri Mar 31 18:50:40 IST 2023,1.000000
Fri Mar 31 18:50:40 IST 2023,1.000000
Fri Mar 31 18:50:40 IST 2023,1.000000
Fri Mar 31 18:50:40 IST 2023,1.000000
Fri Mar 31 18:50:40 IST 2023,1.000000
Fri Mar 31 18:50:40 IST 2023,1.000000
Fri Mar 31 18:50:40 IST 2023,1.000000
Fri Mar 31 18:50:41 IST 2023,1.000000
Fri Mar 31 18:50:41 IST 2023,1.000000
Fri Mar 31 18:50:41 IST 2023,1.000000
Fri Mar 31 18:50:41 IST 2023,1.000000
Fri Mar 31 18:50:41 IST 2023,1.000000
Fri Mar 31 18:50:41 IST 2023,1.000000
Fri Mar 31 18:50:41 IST 2023,1.000000
Fri Mar 31 18:50:41 IST 2023,1.000000
Fri Mar 31 18:50:41 IST 2023,1.000000
Fri Mar 31 18:50:42 IST 2023,1.000000
Fri Mar 31 18:50:42 IST 2023,1.000000
Fri Mar 31 18:50:42 IST 2023,1.000000
Fri Mar 31 18:50:42 IST 2023,1.000000
Fri Mar 31 18:50:42 IST 2023,1.000000
Fri Mar 31 18:50:42 IST 2023,1.000000
Fri Mar 31 18:50:42 IST 2023,1.000000
Fri Mar 31 18:50:42 IST 2023,1.000000
Fri Mar 31 18:50:42 IST 2023,1.000000
Fri Mar 31 18:50:43 IST 2023,1.000000
Fri Mar 31 18:50:43 IST 2023,1.000000
Fri Mar 31 18:50:43 IST 2023,1.000000
Fri Mar 31 18:50:43 IST 2023,1.000000
Fri Mar 31 18:50:43 IST 2023,1.000000
Fri Mar 31 18:50:43 IST 2023,1.000000
Fri Mar 31 18:50:43 IST 2023,1.000000
Fri Mar 31 18:50:43 IST 2023,1.000000
Fri Mar 31 18:50:43 IST 2023,1.000000
Fri Mar 31 18:50:43 IST 2023,1.000000
Fri Mar 31 18:50:44 IST 2023,1.000000
Fri Mar 31 18:50:44 IST 2023,1.000000
Fri Mar 31 18:50:44 IST 2023,1.000000
Fri Mar 31 18:50:44 IST 2023,1.000000
Fri Mar 31 18:50:44 IST 2023,1.000000
Fri Mar 31 18:50:44 IST 2023,1.000000
Fri Mar 31 18:50:44 IST 2023,1.000000
Fri Mar 31 18:50:44 IST 2023,1.000000
Fri Mar 31 18:50:44 IST 2023,1.000000
Fri Mar 31 18:50:45 IST 2023,1.000000
Fri Mar 31 18:50:45 IST 2023,1.000000
Fri Mar 31 18:50:45 IST 2023,1.000000
Fri Mar 31 18:50:45 IST 2023,1.000000
Fri Mar 31 18:50:45 IST 2023,1.000000
Fri Mar 31 18:50:45 IST 2023,1.000000
Fri Mar 31 18:50:45 IST 2023,1.000000
Fri Mar 31 18:50:45 IST 2023,1.000000
Fri Mar 31 18:50:45 IST 2023,1.000000
Fri Mar 31 18:50:46 IST 2023,1.000000
Fri Mar 31 18:50:46 IST 2023,1.000000
Fri Mar 31 18:50:46 IST 2023,1.000000
Fri Mar 31 18:50:46 IST 2023,1.000000
Fri Mar 31 18:50:46 IST 2023,1.000000
Fri Mar 31 18:50:46 IST 2023,1.000000
Fri Mar 31 18:50:46 IST 2023,1.000000
Fri Mar 31 18:50:46 IST 2023,1.000000
Fri Mar 31 18:50:46 IST 2023,1.000000
Fri Mar 31 18:50:47 IST 2023,1.000000
Fri Mar 31 18:50:47 IST 2023,1.000000
Fri Mar 31 18:50:47 IST 2023,1.000000
Fri Mar 31 18:50:47 IST 2023,1.000000
Fri Mar 31 18:50:47 IST 2023,1.000000
Fri Mar 31 18:50:47 IST 2023,1.000000
Fri Mar 31 18:50:47 IST 2023,1.000000
Fri Mar 31 18:50:47 IST 2023,1.000000
Fri Mar 31 18:50:47 IST 2023,1.000000
Fri Mar 31 18:50:48 IST 2023,1.000000
Fri Mar 31 18:50:48 IST 2023,1.000000
Fri Mar 31 18:50:48 IST 2023,1.000000
Fri Mar 31 18:50:48 IST 2023,1.000000
Fri Mar 31 18:50:48 IST 2023,1.000000
Fri Mar 31 18:50:48 IST 2023,1.000000
Fri Mar 31 18:50:48 IST 2023,1.000000
Fri Mar 31 18:50:48 IST 2023,1.000000
Fri Mar 31 18:50:48 IST 2023,1.000000
Fri Mar 31 18:50:49 IST 2023,1.000000
Fri Mar 31 18:50:49 IST 2023,1.000000
Fri Mar 31 18:50:49 IST 2023,1.000000
Fri Mar 31 18:50:49 IST 2023,1.000000
Fri Mar 31 18:50:49 IST 2023,1.000000
Fri Mar 31 18:50:49 IST 2023,1.000000
Fri Mar 31 18:50:49 IST 2023,1.000000
Fri Mar 31 18:50:49 IST 2023,1.000000
Fri Mar 31 18:50:49 IST 2023,1.000000
Fri Mar 31 18:50:49 IST 2023,1.000000
Fri Mar 31 18:50:50 IST 2023,1.000000
Fri Mar 31 18:50:50 IST 2023,1.000000
Fri Mar 31 18:50:50 IST 2023,1.000000
Fri Mar 31 18:50:50 IST 2023,1.000000
Fri Mar 31 18:50:50 IST 2023,1.000000
Fri Mar 31 18:50:50 IST 2023,1.000000
Fri Mar 31 18:50:50 IST 2023,1.000000
Fri Mar 31 18:50:50 IST 2023,1.000000
Fri Mar 31 18:50:50 IST 2023,1.000000
Fri Mar 31 18:50:51 IST 2023,1.000000
Fri Mar 31 18:50:51 IST 2023,1.000000
Fri Mar 31 18:50:51 IST 2023,1.000000
Fri Mar 31 18:50:51 IST 2023,1.000000
Fri Mar 31 18:50:51 IST 2023,1.000000
Fri Mar 31 18:50:51 IST 2023,1.000000
Fri Mar 31 18:50:51 IST 2023,1.000000
Fri Mar 31 18:50:51 IST 2023,1.000000
Fri Mar 31 18:50:51 IST 2023,1.000000
Fri Mar 31 18:50:52 IST 2023,1.000000
Fri Mar 31 18:50:52 IST 2023,1.000000
Fri Mar 31 18:50:52 IST 2023,1.000000
Fri Mar 31 18:50:52 IST 2023,1.000000
Fri Mar 31 18:50:52 IST 2023,1.000000
Fri Mar 31 18:50:52 IST 2023,1.000000
Fri Mar 31 18:50:52 IST 2023,1.000000
Fri Mar 31 18:50:52 IST 2023,1.000000
Fri Mar 31 18:50:52 IST 2023,1.000000
Fri Mar 31 18:50:53 IST 2023,1.000000
Fri Mar 31 18:50:53 IST 2023,1.000000
Fri Mar 31 18:50:53 IST 2023,1.000000
Fri Mar 31 18:50:53 IST 2023,1.000000
Fri Mar 31 18:50:53 IST 2023,1.000000
Fri Mar 31 18:50:53 IST 2023,1.000000
Fri Mar 31 18:50:53 IST 2023,1.000000
Fri Mar 31 18:50:53 IST 2023,1.000000
Fri Mar 31 18:50:53 IST 2023,1.000000
Fri Mar 31 18:50:54 IST 2023,1.000000
Fri Mar 31 18:50:54 IST 2023,1.000000
Fri Mar 31 18:50:54 IST 2023,1.000000
Fri Mar 31 18:50:54 IST 2023,1.000000
Fri Mar 31 18:50:54 IST 2023,1.000000
Fri Mar 31 18:50:54 IST 2023,1.000000
Fri Mar 31 18:50:54 IST 2023,1.000000
Fri Mar 31 18:50:54 IST 2023,1.000000
Fri Mar 31 18:50:54 IST 2023,1.000000
Fri Mar 31 18:50:55 IST 2023,1.000000
Fri Mar 31 18:50:55 IST 2023,1.000000
Fri Mar 31 18:50:55 IST 2023,1.000000
Fri Mar 31 18:50:55 IST 2023,1.000000
Fri Mar 31 18:50:55 IST 2023,1.000000
Fri Mar 31 18:50:55 IST 2023,1.000000
Fri Mar 31 18:50:55 IST 2023,1.000000
Fri Mar 31 18:50:55 IST 2023,1.000000
Fri Mar 31 18:50:55 IST 2023,1.000000
Fri Mar 31 18:50:55 IST 2023,1.000000
Fri Mar 31 18:50:56 IST 2023,1.000000
Fri Mar 31 18:50:56 IST 2023,1.000000
Fri Mar 31 18:50:56 IST 2023,1.000000
Fri Mar 31 18:50:56 IST 2023,1.000000
Fri Mar 31 18:50:56 IST 2023,1.000000
Fri Mar 31 18:50:56 IST 2023,1.000000
Fri Mar 31 18:50:56 IST 2023,1.000000
Fri Mar 31 18:50:56 IST 2023,1.000000
Fri Mar 31 18:50:56 IST 2023,1.000000
Fri Mar 31 18:50:57 IST 2023,1.000000
Fri Mar 31 18:50:57 IST 2023,1.000000
Fri Mar 31 18:50:57 IST 2023,1.000000
Fri Mar 31 18:50:57 IST 2023,1.000000
Fri Mar 31 18:50:57 IST 2023,1.000000
Fri Mar 31 18:50:57 IST 2023,1.000000
Fri Mar 31 18:50:57 IST 2023,1.000000
Fri Mar 31 18:50:57 IST 2023,1.000000
Fri Mar 31 18:50:57 IST 2023,1.000000
Fri Mar 31 18:50:58 IST 2023,1.000000
Fri Mar 31 18:50:58 IST 2023,1.000000
Fri Mar 31 18:50:58 IST 2023,1.000000
Fri Mar 31 18:50:58 IST 2023,1.000000
Fri Mar 31 18:50:58 IST 2023,1.000000
Fri Mar 31 18:50:58 IST 2023,1.000000
Fri Mar 31 18:50:58 IST 2023,1.000000
Fri Mar 31 18:50:58 IST 2023,1.000000
Fri Mar 31 18:50:58 IST 2023,1.000000
Fri Mar 31 18:50:59 IST 2023,1.000000
Fri Mar 31 18:50:59 IST 2023,1.000000
Fri Mar 31 18:50:59 IST 2023,1.000000
Fri Mar 31 18:50:59 IST 2023,1.000000
Fri Mar 31 18:50:59 IST 2023,1.000000
Fri Mar 31 18:50:59 IST 2023,1.000000
Fri Mar 31 18:50:59 IST 2023,1.000000
Fri Mar 31 18:50:59 IST 2023,1.000000
Fri Mar 31 18:50:59 IST 2023,1.000000
Fri Mar 31 18:51:00 IST 2023,1.000000
Fri Mar 31 18:51:00 IST 2023,1.000000
Fri Mar 31 18:51:00 IST 2023,1.000000
Fri Mar 31 18:51:00 IST 2023,1.000000
Fri Mar 31 18:51:00 IST 2023,1.000000
Fri Mar 31 18:51:00 IST 2023,1.000000
Fri Mar 31 18:51:00 IST 2023,1.000000
Fri Mar 31 18:51:00 IST 2023,1.000000
Fri Mar 31 18:51:00 IST 2023,1.000000
Fri Mar 31 18:51:01 IST 2023,1.000000
Fri Mar 31 18:51:01 IST 2023,1.000000
Fri Mar 31 18:51:01 IST 2023,1.000000
Fri Mar 31 18:51:01 IST 2023,1.000000
Fri Mar 31 18:51:01 IST 2023,1.000000
Fri Mar 31 18:51:01 IST 2023,1.000000
Fri Mar 31 18:51:01 IST 2023,1.000000
Fri Mar 31 18:51:01 IST 2023,1.000000
Fri Mar 31 18:51:01 IST 2023,1.000000
Fri Mar 31 18:51:02 IST 2023,1.000000
Fri Mar 31 18:51:02 IST 2023,1.000000
Fri Mar 31 18:51:02 IST 2023,1.000000
Fri Mar 31 18:51:02 IST 2023,1.000000
Fri Mar 31 18:51:02 IST 2023,1.000000
Fri Mar 31 18:51:02 IST 2023,1.000000
Fri Mar 31 18:51:02 IST 2023,1.000000
Fri Mar 31 18:51:02 IST 2023,1.000000
Fri Mar 31 18:51:02 IST 2023,1.000000
Fri Mar 31 18:51:02 IST 2023,1.000000
Fri Mar 31 18:51:03 IST 2023,1.000000
Fri Mar 31 18:51:03 IST 2023,1.000000
Fri Mar 31 18:51:03 IST 2023,1.000000
Fri Mar 31 18:51:03 IST 2023,1.000000
Fri Mar 31 18:51:03 IST 2023,1.000000
Fri Mar 31 18:51:03 IST 2023,1.000000
Fri Mar 31 18:51:03 IST 2023,1.000000
Fri Mar 31 18:51:03 IST 2023,1.000000
Fri Mar 31 18:51:03 IST 2023,1.000000
Fri Mar 31 18:51:04 IST 2023,1.000000
Fri Mar 31 18:51:04 IST 2023,1.000000
Fri Mar 31 18:51:04 IST 2023,1.000000
Fri Mar 31 18:51:04 IST 2023,1.000000
Fri Mar 31 18:51:04 IST 2023,1.000000
Fri Mar 31 18:51:04 IST 2023,1.000000
Fri Mar 31 18:51:04 IST 2023,1.000000
Fri Mar 31 18:51:04 IST 2023,1.000000
Fri Mar 31 18:51:04 IST 2023,1.000000
Fri Mar 31 18:51:05 IST 2023,1.000000
Fri Mar 31 18:51:05 IST 2023,1.000000
Fri Mar 31 18:51:05 IST 2023,1.000000
Fri Mar 31 18:51:05 IST 2023,1.000000
Fri Mar 31 18:51:05 IST 2023,1.000000
Fri Mar 31 18:51:05 IST 2023,1.000000
Fri Mar 31 18:51:05 IST 2023,1.000000
Fri Mar 31 18:51:05 IST 2023,1.000000
Fri Mar 31 18:51:05 IST 2023,1.000000
Fri Mar 31 18:51:06 IST 2023,1.000000
Fri Mar 31 18:51:06 IST 2023,1.000000
Fri Mar 31 18:51:06 IST 2023,1.000000
Fri Mar 31 18:51:06 IST 2023,1.000000
Fri Mar 31 18:51:06 IST 2023,1.000000
Fri Mar 31 18:51:06 IST 2023,1.000000
Fri Mar 31 18:51:06 IST 2023,1.000000
Fri Mar 31 18:51:06 IST 2023,1.000000
Fri Mar 31 18:51:06 IST 2023,1.000000
Fri Mar 31 18:51:07 IST 2023,1.000000
Fri Mar 31 18:51:07 IST 2023,1.000000
Fri Mar 31 18:51:07 IST 2023,1.000000
Fri Mar 31 18:51:07 IST 2023,1.000000
Fri Mar 31 18:51:07 IST 2023,1.000000
Fri Mar 31 18:51:07 IST 2023,1.000000
Fri Mar 31 18:51:07 IST 2023,1.000000
Fri Mar 31 18:51:07 IST 2023,1.000000
Fri Mar 31 18:51:07 IST 2023,1.000000
Fri Mar 31 18:51:07 IST 2023,1.000000
Fri Mar 31 18:51:08 IST 2023,1.000000
Fri Mar 31 18:51:08 IST 2023,1.000000
Fri Mar 31 18:51:08 IST 2023,1.000000
Fri Mar 31 18:51:08 IST 2023,1.000000
Fri Mar 31 18:51:08 IST 2023,1.000000
Fri Mar 31 18:51:08 IST 2023,1.000000
Fri Mar 31 18:51:08 IST 2023,1.000000
Fri Mar 31 18:51:08 IST 2023,1.000000
Fri Mar 31 18:51:08 IST 2023,1.000000
Fri Mar 31 18:51:09 IST 2023,1.000000
Fri Mar 31 18:51:09 IST 2023,1.000000
Fri Mar 31 18:51:09 IST 2023,1.000000
Fri Mar 31 18:51:09 IST 2023,1.000000
Fri Mar 31 18:51:09 IST 2023,1.000000
Fri Mar 31 18:51:09 IST 2023,1.000000
Fri Mar 31 18:51:09 IST 2023,1.000000
Fri Mar 31 18:51:09 IST 2023,1.000000
Fri Mar 31 18:51:09 IST 2023,1.000000
Fri Mar 31 18:51:10 IST 2023,1.000000
Fri Mar 31 18:51:10 IST 2023,1.000000
Fri Mar 31 18:51:10 IST 2023,1.000000
Fri Mar 31 18:51:10 IST 2023,1.000000
Fri Mar 31 18:51:10 IST 2023,1.000000
Fri Mar 31 18:51:10 IST 2023,1.000000
Fri Mar 31 18:51:10 IST 2023,1.000000
Fri Mar 31 18:51:10 IST 2023,1.000000
Fri Mar 31 18:51:10 IST 2023,1.000000
Fri Mar 31 18:51:11 IST 2023,1.000000
Fri Mar 31 18:51:11 IST 2023,1.000000
Fri Mar 31 18:51:11 IST 2023,1.000000
Fri Mar 31 18:51:11 IST 2023,1.000000
Fri Mar 31 18:51:11 IST 2023,1.000000
Fri Mar 31 18:51:11 IST 2023,1.000000
Fri Mar 31 18:51:11 IST 2023,1.000000
Fri Mar 31 18:51:11 IST 2023,1.000000
Fri Mar 31 18:51:11 IST 2023,1.000000
Fri Mar 31 18:51:12 IST 2023,1.000000
Fri Mar 31 18:51:12 IST 2023,1.000000
Fri Mar 31 18:51:12 IST 2023,1.000000
Fri Mar 31 18:51:12 IST 2023,1.000000
Fri Mar 31 18:51:12 IST 2023,1.000000
Fri Mar 31 18:51:12 IST 2023,1.000000
Fri Mar 31 18:51:12 IST 2023,1.000000
Fri Mar 31 18:51:12 IST 2023,1.000000
Fri Mar 31 18:51:12 IST 2023,1.000000
Fri Mar 31 18:51:13 IST 2023,1.000000
Fri Mar 31 18:51:13 IST 2023,1.000000
Fri Mar 31 18:51:13 IST 2023,1.000000
Fri Mar 31 18:51:13 IST 2023,1.000000
Fri Mar 31 18:51:13 IST 2023,1.000000
Fri Mar 31 18:51:13 IST 2023,1.000000
Fri Mar 31 18:51:13 IST 2023,1.000000
Fri Mar 31 18:51:13 IST 2023,1.000000
Fri Mar 31 18:51:13 IST 2023,1.000000
Fri Mar 31 18:51:14 IST 2023,1.000000
Fri Mar 31 18:51:14 IST 2023,1.000000
Fri Mar 31 18:51:14 IST 2023,1.000000
Fri Mar 31 18:51:14 IST 2023,1.000000
Fri Mar 31 18:51:14 IST 2023,1.000000
Fri Mar 31 18:51:14 IST 2023,1.000000
Fri Mar 31 18:51:14 IST 2023,1.000000
Fri Mar 31 18:51:14 IST 2023,1.000000
Fri Mar 31 18:51:14 IST 2023,1.000000
Fri Mar 31 18:51:14 IST 2023,1.000000
Fri Mar 31 18:51:15 IST 2023,1.000000
Fri Mar 31 18:51:15 IST 2023,1.000000
Fri Mar 31 18:51:15 IST 2023,1.000000
Fri Mar 31 18:51:15 IST 2023,1.000000
Fri Mar 31 18:51:15 IST 2023,1.000000
Fri Mar 31 18:51:15 IST 2023,1.000000
Fri Mar 31 18:51:15 IST 2023,1.000000
Fri Mar 31 18:51:15 IST 2023,1.000000
Fri Mar 31 18:51:15 IST 2023,1.000000
Fri Mar 31 18:51:16 IST 2023,1.000000
Fri Mar 31 18:51:16 IST 2023,1.000000
Fri Mar 31 18:51:16 IST 2023,1.000000
Fri Mar 31 18:51:16 IST 2023,1.000000
Fri Mar 31 18:51:16 IST 2023,1.000000
Fri Mar 31 18:51:16 IST 2023,1.000000
Fri Mar 31 18:51:16 IST 2023,1.000000
Fri Mar 31 18:51:16 IST 2023,1.000000
Fri Mar 31 18:51:16 IST 2023,1.000000
Fri Mar 31 18:51:17 IST 2023,1.000000
Fri Mar 31 18:51:17 IST 2023,1.000000
Fri Mar 31 18:51:17 IST 2023,1.000000
Fri Mar 31 18:51:17 IST 2023,1.000000
Fri Mar 31 18:51:17 IST 2023,1.000000
Fri Mar 31 18:51:17 IST 2023,1.000000
Fri Mar 31 18:51:17 IST 2023,1.000000
Fri Mar 31 18:51:17 IST 2023,1.000000
Fri Mar 31 18:51:17 IST 2023,1.000000
Fri Mar 31 18:51:18 IST 2023,1.000000
Fri Mar 31 18:51:18 IST 2023,1.000000
Fri Mar 31 18:51:18 IST 2023,1.000000
Fri Mar 31 18:51:18 IST 2023,1.000000
Fri Mar 31 18:51:18 IST 2023,1.000000
Fri Mar 31 18:51:18 IST 2023,1.000000
Fri Mar 31 18:51:18 IST 2023,1.000000
Fri Mar 31 18:51:18 IST 2023,1.000000
Fri Mar 31 18:51:18 IST 2023,1.000000
Fri Mar 31 18:51:19 IST 2023,1.000000
Fri Mar 31 18:51:19 IST 2023,1.000000
Fri Mar 31 18:51:19 IST 2023,1.000000
Fri Mar 31 18:51:19 IST 2023,1.000000
Fri Mar 31 18:51:19 IST 2023,1.000000
Fri Mar 31 18:51:19 IST 2023,1.000000
Fri Mar 31 18:51:19 IST 2023,1.000000
Fri Mar 31 18:51:19 IST 2023,1.000000
Fri Mar 31 18:51:19 IST 2023,1.000000
Fri Mar 31 18:51:20 IST 2023,1.000000
Fri Mar 31 18:51:20 IST 2023,1.000000
Fri Mar 31 18:51:20 IST 2023,1.000000
Fri Mar 31 18:51:20 IST 2023,1.000000
Fri Mar 31 18:51:20 IST 2023,1.000000
Fri Mar 31 18:51:20 IST 2023,1.000000
Fri Mar 31 18:51:20 IST 2023,1.000000
Fri Mar 31 18:51:20 IST 2023,1.000000
Fri Mar 31 18:51:20 IST 2023,1.000000
Fri Mar 31 18:51:21 IST 2023,1.000000
Fri Mar 31 18:51:21 IST 2023,1.000000
Fri Mar 31 18:51:21 IST 2023,1.000000
Fri Mar 31 18:51:21 IST 2023,1.000000
Fri Mar 31 18:51:21 IST 2023,1.000000
Fri Mar 31 18:51:21 IST 2023,1.000000
Fri Mar 31 18:51:21 IST 2023,1.000000
Fri Mar 31 18:51:21 IST 2023,1.000000
Fri Mar 31 18:51:21 IST 2023,1.000000
Fri Mar 31 18:51:21 IST 2023,1.000000
Fri Mar 31 18:51:22 IST 2023,1.000000
Fri Mar 31 18:51:22 IST 2023,1.000000
Fri Mar 31 18:51:22 IST 2023,1.000000
Fri Mar 31 18:51:22 IST 2023,1.000000
Fri Mar 31 18:51:22 IST 2023,1.000000
Fri Mar 31 18:51:22 IST 2023,1.000000
Fri Mar 31 18:51:22 IST 2023,1.000000
Fri Mar 31 18:51:22 IST 2023,1.000000
Fri Mar 31 18:51:22 IST 2023,1.000000
Fri Mar 31 18:51:23 IST 2023,1.000000
Fri Mar 31 18:51:23 IST 2023,1.000000
Fri Mar 31 18:51:23 IST 2023,1.000000
Fri Mar 31 18:51:23 IST 2023,1.000000
Fri Mar 31 18:51:23 IST 2023,1.000000
Fri Mar 31 18:51:23 IST 2023,1.000000
Fri Mar 31 18:51:23 IST 2023,1.000000
Fri Mar 31 18:51:23 IST 2023,1.000000
Fri Mar 31 18:51:23 IST 2023,1.000000
Fri Mar 31 18:51:24 IST 2023,1.000000
Fri Mar 31 18:51:24 IST 2023,1.000000
Fri Mar 31 18:51:24 IST 2023,1.000000
Fri Mar 31 18:51:24 IST 2023,1.000000
Fri Mar 31 18:51:24 IST 2023,1.000000
Fri Mar 31 18:51:24 IST 2023,1.000000
Fri Mar 31 18:51:24 IST 2023,1.000000
Fri Mar 31 18:51:24 IST 2023,1.000000
Fri Mar 31 18:51:24 IST 2023,1.000000
Fri Mar 31 18:51:25 IST 2023,1.000000
Fri Mar 31 18:51:25 IST 2023,1.000000
Fri Mar 31 18:51:25 IST 2023,1.000000
Fri Mar 31 18:51:25 IST 2023,1.000000
Fri Mar 31 18:51:25 IST 2023,1.000000
Fri Mar 31 18:51:25 IST 2023,1.000000
Fri Mar 31 18:51:25 IST 2023,1.000000
Fri Mar 31 18:51:25 IST 2023,1.000000
Fri Mar 31 18:51:25 IST 2023,1.000000
Fri Mar 31 18:51:26 IST 2023,1.000000
Fri Mar 31 18:51:26 IST 2023,1.000000
Fri Mar 31 18:51:26 IST 2023,1.000000
Fri Mar 31 18:51:26 IST 2023,1.000000
Fri Mar 31 18:51:26 IST 2023,1.000000
Fri Mar 31 18:51:26 IST 2023,1.000000
Fri Mar 31 18:51:26 IST 2023,1.000000
Fri Mar 31 18:51:26 IST 2023,1.000000
Fri Mar 31 18:51:26 IST 2023,1.000000
Fri Mar 31 18:51:27 IST 2023,1.000000
Fri Mar 31 18:51:27 IST 2023,1.000000
Fri Mar 31 18:51:27 IST 2023,1.000000
Fri Mar 31 18:51:27 IST 2023,1.000000
Fri Mar 31 18:51:27 IST 2023,1.000000
Fri Mar 31 18:51:27 IST 2023,1.000000
Fri Mar 31 18:51:27 IST 2023,1.000000
Fri Mar 31 18:51:27 IST 2023,1.000000
Fri Mar 31 18:51:27 IST 2023,1.000000
Fri Mar 31 18:51:28 IST 2023,1.000000
Fri Mar 31 18:51:28 IST 2023,1.000000
Fri Mar 31 18:51:28 IST 2023,1.000000
Fri Mar 31 18:51:28 IST 2023,1.000000
Fri Mar 31 18:51:28 IST 2023,1.000000
Fri Mar 31 18:51:28 IST 2023,1.000000
Fri Mar 31 18:51:28 IST 2023,1.000000
Fri Mar 31 18:51:28 IST 2023,1.000000
Fri Mar 31 18:51:28 IST 2023,1.000000
Fri Mar 31 18:51:29 IST 2023,1.000000
Fri Mar 31 18:51:29 IST 2023,1.000000
Fri Mar 31 18:51:29 IST 2023,1.000000
Fri Mar 31 18:51:29 IST 2023,1.000000
Fri Mar 31 18:51:29 IST 2023,1.000000
Fri Mar 31 18:51:29 IST 2023,1.000000
Fri Mar 31 18:51:29 IST 2023,1.000000
Fri Mar 31 18:51:29 IST 2023,1.000000
Fri Mar 31 18:51:29 IST 2023,1.000000
Fri Mar 31 18:51:29 IST 2023,1.000000
Fri Mar 31 18:51:30 IST 2023,1.000000
Fri Mar 31 18:51:30 IST 2023,1.000000
Fri Mar 31 18:51:30 IST 2023,1.000000
Fri Mar 31 18:51:30 IST 2023,1.000000
Fri Mar 31 18:51:30 IST 2023,1.000000
Fri Mar 31 18:51:30 IST 2023,1.000000
Fri Mar 31 18:51:30 IST 2023,1.000000
Fri Mar 31 18:51:30 IST 2023,1.000000
Fri Mar 31 18:51:30 IST 2023,1.000000
Fri Mar 31 18:51:31 IST 2023,1.000000
Fri Mar 31 18:51:31 IST 2023,1.000000
Fri Mar 31 18:51:31 IST 2023,1.000000
Fri Mar 31 18:51:31 IST 2023,1.000000
Fri Mar 31 18:51:31 IST 2023,1.000000
Fri Mar 31 18:51:31 IST 2023,1.000000
Fri Mar 31 18:51:31 IST 2023,1.000000
Fri Mar 31 18:51:31 IST 2023,1.000000
Fri Mar 31 18:51:31 IST 2023,1.000000
Fri Mar 31 18:51:32 IST 2023,1.000000
Fri Mar 31 18:51:32 IST 2023,1.000000
Fri Mar 31 18:51:32 IST 2023,1.000000
Fri Mar 31 18:51:32 IST 2023,1.000000
Fri Mar 31 18:51:32 IST 2023,1.000000
Fri Mar 31 18:51:32 IST 2023,1.000000
Fri Mar 31 18:51:32 IST 2023,1.000000
Fri Mar 31 18:51:32 IST 2023,1.000000
Fri Mar 31 18:51:32 IST 2023,1.000000
Fri Mar 31 18:51:33 IST 2023,1.000000
Fri Mar 31 18:51:33 IST 2023,1.000000
Fri Mar 31 18:51:33 IST 2023,1.000000
Fri Mar 31 18:51:33 IST 2023,1.000000
Fri Mar 31 18:51:33 IST 2023,1.000000
Fri Mar 31 18:51:33 IST 2023,1.000000
Fri Mar 31 18:51:33 IST 2023,1.000000
Fri Mar 31 18:51:33 IST 2023,1.000000
Fri Mar 31 18:51:33 IST 2023,1.000000
Fri Mar 31 18:51:34 IST 2023,1.000000
Fri Mar 31 18:51:34 IST 2023,1.000000
Fri Mar 31 18:51:34 IST 2023,1.000000
Fri Mar 31 18:51:34 IST 2023,1.000000
Fri Mar 31 18:51:34 IST 2023,1.000000
Fri Mar 31 18:51:34 IST 2023,1.000000
Fri Mar 31 18:51:34 IST 2023,1.000000
Fri Mar 31 18:51:34 IST 2023,1.000000
Fri Mar 31 18:51:34 IST 2023,1.000000
Fri Mar 31 18:51:35 IST 2023,1.000000
Fri Mar 31 18:51:35 IST 2023,1.000000
Fri Mar 31 18:51:35 IST 2023,1.000000
Fri Mar 31 18:51:35 IST 2023,1.000000
Fri Mar 31 18:51:35 IST 2023,1.000000
Fri Mar 31 18:51:35 IST 2023,1.000000
Fri Mar 31 18:51:35 IST 2023,1.000000
Fri Mar 31 18:51:35 IST 2023,1.000000
Fri Mar 31 18:51:35 IST 2023,1.000000
Fri Mar 31 18:51:36 IST 2023,1.000000
Fri Mar 31 18:51:36 IST 2023,1.000000
Fri Mar 31 18:51:36 IST 2023,1.000000
Fri Mar 31 18:51:36 IST 2023,1.000000
Fri Mar 31 18:51:36 IST 2023,1.000000
Fri Mar 31 18:51:36 IST 2023,1.000000
Fri Mar 31 18:51:36 IST 2023,1.000000
Fri Mar 31 18:51:36 IST 2023,1.000000
Fri Mar 31 18:51:36 IST 2023,1.000000
Fri Mar 31 18:51:36 IST 2023,1.000000
Fri Mar 31 18:51:37 IST 2023,1.000000
Fri Mar 31 18:51:37 IST 2023,1.000000
Fri Mar 31 18:51:37 IST 2023,1.000000
Fri Mar 31 18:51:37 IST 2023,1.000000
Fri Mar 31 18:51:37 IST 2023,1.000000
Fri Mar 31 18:51:37 IST 2023,1.000000
Fri Mar 31 18:51:37 IST 2023,1.000000
Fri Mar 31 18:51:37 IST 2023,1.000000
Fri Mar 31 18:51:37 IST 2023,1.000000
Fri Mar 31 18:51:38 IST 2023,1.000000
Fri Mar 31 18:51:38 IST 2023,1.000000
Fri Mar 31 18:51:38 IST 2023,1.000000
Fri Mar 31 18:51:38 IST 2023,1.000000
Fri Mar 31 18:51:38 IST 2023,1.000000
Fri Mar 31 18:51:38 IST 2023,1.000000
Fri Mar 31 18:51:38 IST 2023,1.000000
Fri Mar 31 18:51:38 IST 2023,1.000000
Fri Mar 31 18:51:38 IST 2023,1.000000
Fri Mar 31 18:51:39 IST 2023,1.000000
Fri Mar 31 18:51:39 IST 2023,1.000000
Fri Mar 31 18:51:39 IST 2023,1.000000
Fri Mar 31 18:51:39 IST 2023,1.000000
Fri Mar 31 18:51:39 IST 2023,1.000000
Fri Mar 31 18:51:39 IST 2023,1.000000
Fri Mar 31 18:51:39 IST 2023,1.000000
Fri Mar 31 18:51:39 IST 2023,1.000000
Fri Mar 31 18:51:39 IST 2023,1.000000
Fri Mar 31 18:51:40 IST 2023,1.000000
Fri Mar 31 18:51:40 IST 2023,1.000000
Fri Mar 31 18:51:40 IST 2023,1.000000
Fri Mar 31 18:51:40 IST 2023,1.000000
Fri Mar 31 18:51:40 IST 2023,1.000000
Fri Mar 31 18:51:40 IST 2023,1.000000
Fri Mar 31 18:51:40 IST 2023,1.000000
Fri Mar 31 18:51:40 IST 2023,1.000000
Fri Mar 31 18:51:40 IST 2023,1.000000
Fri Mar 31 18:51:41 IST 2023,1.000000
Fri Mar 31 18:51:41 IST 2023,1.000000
Fri Mar 31 18:51:41 IST 2023,1.000000
Fri Mar 31 18:51:41 IST 2023,1.000000
Fri Mar 31 18:51:41 IST 2023,1.000000
Fri Mar 31 18:51:41 IST 2023,1.000000
Fri Mar 31 18:51:41 IST 2023,1.000000
Fri Mar 31 18:51:41 IST 2023,1.000000
Fri Mar 31 18:51:41 IST 2023,1.000000
Fri Mar 31 18:51:42 IST 2023,1.000000
Fri Mar 31 18:51:42 IST 2023,1.000000
Fri Mar 31 18:51:42 IST 2023,1.000000
Fri Mar 31 18:51:42 IST 2023,1.000000
Fri Mar 31 18:51:42 IST 2023,1.000000
Fri Mar 31 18:51:42 IST 2023,1.000000
Fri Mar 31 18:51:42 IST 2023,1.000000
Fri Mar 31 18:51:42 IST 2023,1.000000
